RECIPE 184082 22 assets 1635 operations
C:\Users\fagon\OneDrive\Documents\B52_Hanoi_Cinematic_1972\src\build_assets.py:238: DeprecationWarning: 'Material.use_nodes' is expected to be removed in Blender 6.0
  m=bpy.data.materials.new(name); m.use_nodes=True; nd=m.node_tree.nodes; nd.clear(); bs=nd.new('ShaderNodeBsdfPrincipled'); out=nd.new('ShaderNodeOutputMaterial'); m.node_tree.links.new(bs.outputs['BSDF'],out.inputs['Surface']); h=d['color'].lstrip('#'); rgb=[int(h[i:i+2],16)/255 for i in [0,2,4]]
C:\Users\fagon\OneDrive\Documents\B52_Hanoi_Cinematic_1972\src\build_assets.py:314: DeprecationWarning: 'World.use_nodes' is expected to be removed in Blender 6.0
  world=bpy.context.scene.world or bpy.data.worlds.new('World'); bpy.context.scene.world=world; world.use_nodes=True; next(n for n in world.node_tree.nodes if n.type=='BACKGROUND').inputs[0].default_value=(.19,.22,.24,1); next(n for n in world.node_tree.nodes if n.type=='BACKGROUND').inputs[1].default_value=.8
Thông Tin: Đã lưu thành "Northern_Vietnam_1972.blend"
INFO Draco mesh compression is available, use library at C:\Program Files\Blender Foundation\Blender 5.1\5.1\scripts\addons_core\io_scene_gltf2\extern_draco.dll
23:08:53 | INFO: Starting glTF 2.0 export
23:08:53 | INFO: Extracting primitive: b52_0
23:08:53 | INFO: Primitives created: 1
23:08:53 | INFO: Extracting primitive: b52_1
23:08:53 | INFO: Primitives created: 1
23:08:53 | INFO: Extracting primitive: b52_2
23:08:53 | INFO: Primitives created: 1
23:08:53 | INFO: Extracting primitive: b52_3
23:08:53 | INFO: Primitives created: 1
23:08:53 | INFO: Extracting primitive: b52_4
23:08:53 | INFO: Primitives created: 1
23:08:53 | INFO: Extracting primitive: b52_5
23:08:53 | INFO: Primitives created: 1
23:08:53 | INFO: Extracting primitive: b52_6
23:08:53 | INFO: Primitives created: 1
23:08:53 | INFO: Extracting primitive: b52_7
23:08:53 | INFO: Primitives created: 1
23:08:53 | INFO: Extracting primitive: b52_8
23:08:53 | INFO: Primitives created: 1
23:08:53 | INFO: Extracting primitive: b52_9
23:08:53 | INFO: Primitives created: 1
23:08:53 | INFO: Extracting primitive: b52_10
23:08:53 | INFO: Primitives created: 1
23:08:53 | INFO: Extracting primitive: b52_11
23:08:53 | INFO: Primitives created: 1
23:08:53 | INFO: Extracting primitive: b52_12
23:08:53 | INFO: Primitives created: 1
23:08:53 | INFO: Extracting primitive: b52_13
23:08:53 | INFO: Primitives created: 1
23:08:53 | INFO: Extracting primitive: b52_14
23:08:53 | INFO: Primitives created: 1
23:08:53 | INFO: Extracting primitive: b52_15
23:08:53 | INFO: Primitives created: 1
23:08:53 | INFO: Extracting primitive: b52_16
23:08:53 | INFO: Primitives created: 1
23:08:53 | INFO: Extracting primitive: b52_17
23:08:53 | INFO: Primitives created: 1
23:08:53 | INFO: Extracting primitive: b52_18
23:08:53 | INFO: Primitives created: 1
23:08:53 | INFO: Extracting primitive: b52_19
23:08:53 | INFO: Primitives created: 1
23:08:53 | INFO: Extracting primitive: b52_20
23:08:53 | INFO: Primitives created: 1
23:08:53 | INFO: Extracting primitive: b52_21
23:08:54 | INFO: Primitives created: 1
23:08:54 | INFO: Extracting primitive: b52_22
23:08:54 | INFO: Primitives created: 1
23:08:54 | INFO: Extracting primitive: b52_23
23:08:54 | INFO: Primitives created: 1
23:08:54 | INFO: Extracting primitive: b52_24
23:08:54 | INFO: Primitives created: 1
23:08:54 | INFO: Extracting primitive: b52_25
23:08:54 | INFO: Primitives created: 1
23:08:54 | INFO: Extracting primitive: b52_26
23:08:54 | INFO: Primitives created: 1
23:08:54 | INFO: Extracting primitive: b52_27
23:08:54 | INFO: Primitives created: 1
23:08:54 | INFO: Extracting primitive: b52_28
23:08:54 | INFO: Primitives created: 1
23:08:54 | INFO: Extracting primitive: b52_29
23:08:54 | INFO: Primitives created: 1
23:08:54 | INFO: Extracting primitive: b52_30
23:08:54 | INFO: Primitives created: 1
23:08:54 | INFO: Extracting primitive: b52_31
23:08:54 | INFO: Primitives created: 1
23:08:54 | INFO: Extracting primitive: b52_32
23:08:54 | INFO: Primitives created: 1
23:08:54 | INFO: Extracting primitive: b52_33
23:08:54 | INFO: Primitives created: 1
23:08:54 | INFO: Extracting primitive: b52_34
23:08:54 | INFO: Primitives created: 1
23:08:54 | INFO: Extracting primitive: b52_35
23:08:54 | INFO: Primitives created: 1
23:08:54 | INFO: Extracting primitive: b52_36
23:08:54 | INFO: Primitives created: 1
23:08:54 | INFO: Extracting primitive: b52_37
23:08:54 | INFO: Primitives created: 1
23:08:54 | INFO: Extracting primitive: b52_38
23:08:54 | INFO: Primitives created: 1
23:08:54 | INFO: Extracting primitive: b52_39
23:08:54 | INFO: Primitives created: 1
23:08:54 | INFO: Extracting primitive: b52_40
23:08:54 | INFO: Primitives created: 1
23:08:54 | INFO: Extracting primitive: b52_41
23:08:54 | INFO: Primitives created: 1
23:08:54 | INFO: Extracting primitive: b52_42
23:08:54 | INFO: Primitives created: 1
23:08:54 | INFO: Extracting primitive: b52_43
23:08:54 | INFO: Primitives created: 1
23:08:54 | INFO: Extracting primitive: b52_44
23:08:54 | INFO: Primitives created: 1
23:08:54 | INFO: Extracting primitive: b52_45
23:08:54 | INFO: Primitives created: 1
23:08:54 | INFO: Extracting primitive: b52_46
23:08:54 | INFO: Primitives created: 1
23:08:54 | INFO: Extracting primitive: b52_47
23:08:54 | INFO: Primitives created: 1
23:08:54 | INFO: Extracting primitive: b52_48
23:08:54 | INFO: Primitives created: 1
23:08:54 | INFO: Extracting primitive: b52_49
23:08:54 | INFO: Primitives created: 1
23:08:54 | INFO: Extracting primitive: b52_50
23:08:54 | INFO: Primitives created: 1
23:08:54 | INFO: Extracting primitive: b52_51
23:08:54 | INFO: Primitives created: 1
23:08:54 | INFO: Extracting primitive: b52_52
23:08:54 | INFO: Primitives created: 1
23:08:54 | INFO: Extracting primitive: b52_53
23:08:54 | INFO: Primitives created: 1
23:08:54 | INFO: Extracting primitive: b52_54
23:08:54 | INFO: Primitives created: 1
23:08:54 | INFO: Extracting primitive: b52_55
23:08:54 | INFO: Primitives created: 1
23:08:54 | INFO: Extracting primitive: b52_56
23:08:54 | INFO: Primitives created: 1
23:08:54 | INFO: Extracting primitive: b52_57
23:08:54 | INFO: Primitives created: 1
23:08:54 | INFO: Extracting primitive: b52_58
23:08:54 | INFO: Primitives created: 1
23:08:54 | INFO: Extracting primitive: b52_59
23:08:54 | INFO: Primitives created: 1
23:08:54 | INFO: Extracting primitive: b52_60
23:08:54 | INFO: Primitives created: 1
23:08:54 | INFO: Extracting primitive: b52_61
23:08:54 | INFO: Primitives created: 1
23:08:54 | INFO: Extracting primitive: b52_62
23:08:54 | INFO: Primitives created: 1
23:08:54 | INFO: Extracting primitive: b52_63
23:08:54 | INFO: Primitives created: 1
23:08:54 | INFO: Extracting primitive: b52_64
23:08:54 | INFO: Primitives created: 1
23:08:54 | INFO: Extracting primitive: b52_65
23:08:54 | INFO: Primitives created: 1
23:08:54 | INFO: Extracting primitive: b52_66
23:08:54 | INFO: Primitives created: 1
23:08:54 | INFO: Extracting primitive: b52_67
23:08:54 | INFO: Primitives created: 1
23:08:54 | INFO: Extracting primitive: b52_68
23:08:54 | INFO: Primitives created: 1
23:08:54 | INFO: Extracting primitive: b52_69
23:08:54 | INFO: Primitives created: 1
23:08:54 | INFO: Extracting primitive: b52_70
23:08:54 | INFO: Primitives created: 1
23:08:54 | INFO: Extracting primitive: b52_71
23:08:54 | INFO: Primitives created: 1
23:08:54 | INFO: Extracting primitive: b52_72
23:08:54 | INFO: Primitives created: 1
23:08:54 | INFO: Extracting primitive: b52_73
23:08:54 | INFO: Primitives created: 1
23:08:54 | INFO: Extracting primitive: b52_74
23:08:54 | INFO: Primitives created: 1
23:08:54 | INFO: Extracting primitive: b52_75
23:08:54 | INFO: Primitives created: 1
23:08:54 | INFO: Extracting primitive: b52_76
23:08:54 | INFO: Primitives created: 1
23:08:54 | INFO: Extracting primitive: b52_77
23:08:54 | INFO: Primitives created: 1
23:08:54 | INFO: Extracting primitive: b52_78
23:08:54 | INFO: Primitives created: 1
23:08:54 | INFO: Extracting primitive: b52_79
23:08:54 | INFO: Primitives created: 1
23:08:54 | INFO: Extracting primitive: b52_80
23:08:54 | INFO: Primitives created: 1
23:08:54 | INFO: Extracting primitive: b52_81
23:08:54 | INFO: Primitives created: 1
23:08:54 | INFO: Extracting primitive: b52_82
23:08:54 | INFO: Primitives created: 1
23:08:54 | INFO: Extracting primitive: b52_83
23:08:54 | INFO: Primitives created: 1
23:08:54 | INFO: Extracting primitive: b52_84
23:08:54 | INFO: Primitives created: 1
23:08:54 | INFO: Extracting primitive: b52_85
23:08:54 | INFO: Primitives created: 1
23:08:54 | INFO: Extracting primitive: b52_86
23:08:54 | INFO: Primitives created: 1
23:08:54 | INFO: Extracting primitive: b52_87
23:08:54 | INFO: Primitives created: 1
23:08:54 | INFO: Extracting primitive: b52_88
23:08:54 | INFO: Primitives created: 1
23:08:54 | INFO: Extracting primitive: b52_89
23:08:54 | INFO: Primitives created: 1
23:08:54 | INFO: Extracting primitive: b52_90
23:08:54 | INFO: Primitives created: 1
23:08:54 | INFO: Extracting primitive: b52_91
23:08:54 | INFO: Primitives created: 1
23:08:54 | INFO: Extracting primitive: b52_92
23:08:54 | INFO: Primitives created: 1
23:08:54 | INFO: Extracting primitive: b52_93
23:08:54 | INFO: Primitives created: 1
23:08:54 | INFO: Extracting primitive: b52_94
23:08:54 | INFO: Primitives created: 1
23:08:54 | INFO: Extracting primitive: b52_95
23:08:54 | INFO: Primitives created: 1
23:08:54 | INFO: Extracting primitive: b52_96
23:08:54 | INFO: Primitives created: 1
23:08:54 | INFO: Extracting primitive: b52_97
23:08:54 | INFO: Primitives created: 1
23:08:54 | INFO: Extracting primitive: b52_98
23:08:54 | INFO: Primitives created: 1
23:08:54 | INFO: Extracting primitive: b52_99
23:08:54 | INFO: Primitives created: 1
23:08:54 | INFO: Extracting primitive: b52_100
23:08:54 | INFO: Primitives created: 1
23:08:54 | INFO: Extracting primitive: b52_101
23:08:54 | INFO: Primitives created: 1
23:08:54 | INFO: Extracting primitive: b52_102
23:08:54 | INFO: Primitives created: 1
23:08:54 | INFO: Extracting primitive: b52_103
23:08:54 | INFO: Primitives created: 1
23:08:54 | INFO: Extracting primitive: b52_104
23:08:54 | INFO: Primitives created: 1
23:08:54 | INFO: Extracting primitive: b52_105
23:08:54 | INFO: Primitives created: 1
23:08:54 | INFO: Extracting primitive: b52_106
23:08:54 | INFO: Primitives created: 1
23:08:54 | INFO: Extracting primitive: b52_107
23:08:54 | INFO: Primitives created: 1
23:08:54 | INFO: Extracting primitive: b52_108
23:08:54 | INFO: Primitives created: 1
23:08:54 | INFO: Extracting primitive: b52_109
23:08:54 | INFO: Primitives created: 1
23:08:54 | INFO: Extracting primitive: b52_110
23:08:54 | INFO: Primitives created: 1
23:08:54 | INFO: Extracting primitive: b52_111
23:08:54 | INFO: Primitives created: 1
23:08:54 | INFO: Extracting primitive: b52_112
23:08:54 | INFO: Primitives created: 1
23:08:54 | INFO: Extracting primitive: b52_113
23:08:54 | INFO: Primitives created: 1
23:08:54 | INFO: Extracting primitive: b52_114
23:08:54 | INFO: Primitives created: 1
23:08:54 | INFO: Extracting primitive: b52_115
23:08:54 | INFO: Primitives created: 1
23:08:54 | INFO: Extracting primitive: b52_116
23:08:54 | INFO: Primitives created: 1
23:08:54 | INFO: Extracting primitive: b52_117
23:08:54 | INFO: Primitives created: 1
23:08:54 | INFO: Extracting primitive: b52_118
23:08:54 | INFO: Primitives created: 1
23:08:54 | INFO: Extracting primitive: b52_119
23:08:54 | INFO: Primitives created: 1
23:08:54 | INFO: Extracting primitive: b52_120
23:08:54 | INFO: Primitives created: 1
23:08:54 | INFO: Extracting primitive: b52_121
23:08:54 | INFO: Primitives created: 1
23:08:54 | INFO: Extracting primitive: b52_122
23:08:54 | INFO: Primitives created: 1
23:08:54 | INFO: Extracting primitive: b52_123
23:08:54 | INFO: Primitives created: 1
23:08:54 | INFO: Extracting primitive: b52_124
23:08:54 | INFO: Primitives created: 1
23:08:54 | INFO: Extracting primitive: b52_125
23:08:54 | INFO: Primitives created: 1
23:08:54 | INFO: Extracting primitive: b52_126
23:08:54 | INFO: Primitives created: 1
23:08:54 | INFO: Extracting primitive: b52_127
23:08:54 | INFO: Primitives created: 1
23:08:54 | INFO: Extracting primitive: b52_128
23:08:54 | INFO: Primitives created: 1
23:08:54 | INFO: Extracting primitive: b52_129
23:08:54 | INFO: Primitives created: 1
23:08:54 | INFO: Extracting primitive: b52_130
23:08:54 | INFO: Primitives created: 1
23:08:54 | INFO: Extracting primitive: b52_131
23:08:54 | INFO: Primitives created: 1
23:08:54 | INFO: Extracting primitive: b52_132
23:08:54 | INFO: Primitives created: 1
23:08:54 | INFO: Extracting primitive: b52_133
23:08:54 | INFO: Primitives created: 1
23:08:54 | INFO: Extracting primitive: b52_134
23:08:54 | INFO: Primitives created: 1
23:08:54 | INFO: Extracting primitive: b52_135
23:08:54 | INFO: Primitives created: 1
23:08:54 | INFO: Extracting primitive: b52_136
23:08:54 | INFO: Primitives created: 1
23:08:54 | INFO: Extracting primitive: b52_137
23:08:54 | INFO: Primitives created: 1
23:08:54 | INFO: Extracting primitive: b52_138
23:08:54 | INFO: Primitives created: 1
23:08:54 | INFO: Extracting primitive: b52_139
23:08:54 | INFO: Primitives created: 1
23:08:54 | INFO: Extracting primitive: b52_140
23:08:54 | INFO: Primitives created: 1
23:08:54 | INFO: Extracting primitive: b52_141
23:08:54 | INFO: Primitives created: 1
23:08:54 | INFO: Extracting primitive: b52_142
23:08:54 | INFO: Primitives created: 1
23:08:54 | INFO: Extracting primitive: b52_143
23:08:54 | INFO: Primitives created: 1
23:08:54 | INFO: Extracting primitive: b52_144
23:08:54 | INFO: Primitives created: 1
23:08:54 | INFO: Extracting primitive: b52_145
23:08:54 | INFO: Primitives created: 1
23:08:54 | INFO: Extracting primitive: b52_146
23:08:54 | INFO: Primitives created: 1
23:08:54 | INFO: Extracting primitive: b52_147
23:08:54 | INFO: Primitives created: 1
23:08:54 | INFO: Extracting primitive: b52_148
23:08:54 | INFO: Primitives created: 1
23:08:54 | INFO: Extracting primitive: b52_149
23:08:54 | INFO: Primitives created: 1
23:08:54 | INFO: Extracting primitive: b52_150
23:08:54 | INFO: Primitives created: 1
23:08:54 | INFO: Extracting primitive: b52_151
23:08:54 | INFO: Primitives created: 1
23:08:54 | INFO: Extracting primitive: b52_152
23:08:54 | INFO: Primitives created: 1
23:08:54 | INFO: Extracting primitive: b52_153
23:08:54 | INFO: Primitives created: 1
23:08:54 | INFO: Extracting primitive: b52_154
23:08:54 | INFO: Primitives created: 1
23:08:54 | INFO: Extracting primitive: b52_155
23:08:54 | INFO: Primitives created: 1
23:08:54 | INFO: Extracting primitive: b52_156
23:08:54 | INFO: Primitives created: 1
23:08:54 | INFO: Extracting primitive: b52_157
23:08:54 | INFO: Primitives created: 1
23:08:54 | INFO: Extracting primitive: b52_158
23:08:54 | INFO: Primitives created: 1
23:08:54 | INFO: Extracting primitive: b52_159
23:08:54 | INFO: Primitives created: 1
23:08:54 | INFO: Extracting primitive: b52_160
23:08:54 | INFO: Primitives created: 1
23:08:54 | INFO: Extracting primitive: b52_161
23:08:54 | INFO: Primitives created: 1
23:08:54 | INFO: Extracting primitive: b52_162
23:08:54 | INFO: Primitives created: 1
23:08:54 | INFO: Extracting primitive: b52_163
23:08:54 | INFO: Primitives created: 1
23:08:54 | INFO: Extracting primitive: b52_164
23:08:54 | INFO: Primitives created: 1
23:08:54 | INFO: Extracting primitive: b52_165
23:08:54 | INFO: Primitives created: 1
23:08:54 | INFO: Extracting primitive: b52_166
23:08:54 | INFO: Primitives created: 1
23:08:54 | INFO: Extracting primitive: b52_167
23:08:54 | INFO: Primitives created: 1
23:08:54 | INFO: Extracting primitive: b52_168
23:08:54 | INFO: Primitives created: 1
23:08:54 | INFO: Extracting primitive: b52_169
23:08:54 | INFO: Primitives created: 1
23:08:54 | INFO: Extracting primitive: b52_170
23:08:54 | INFO: Primitives created: 1
23:08:54 | INFO: Extracting primitive: b52_171
23:08:54 | INFO: Primitives created: 1
23:08:54 | INFO: Extracting primitive: b52_172
23:08:54 | INFO: Primitives created: 1
23:08:54 | INFO: Extracting primitive: b52_173
23:08:54 | INFO: Primitives created: 1
23:08:54 | INFO: Extracting primitive: b52_174
23:08:54 | INFO: Primitives created: 1
23:08:54 | INFO: Extracting primitive: b52_175
23:08:54 | INFO: Primitives created: 1
23:08:54 | INFO: Extracting primitive: b52_176
23:08:54 | INFO: Primitives created: 1
23:08:54 | INFO: Extracting primitive: b52_177
23:08:54 | INFO: Primitives created: 1
23:08:54 | INFO: Extracting primitive: b52_178
23:08:54 | INFO: Primitives created: 1
23:08:54 | INFO: Extracting primitive: b52_179
23:08:54 | INFO: Primitives created: 1
23:08:54 | INFO: Extracting primitive: b52_180
23:08:54 | INFO: Primitives created: 1
23:08:54 | INFO: Extracting primitive: b52_181
23:08:54 | INFO: Primitives created: 1
23:08:54 | INFO: Extracting primitive: b52_182
23:08:54 | INFO: Primitives created: 1
23:08:54 | INFO: Extracting primitive: b52_183
23:08:54 | INFO: Primitives created: 1
23:08:54 | INFO: Extracting primitive: b52_184
23:08:54 | INFO: Primitives created: 1
23:08:54 | INFO: Extracting primitive: b52_185
23:08:54 | INFO: Primitives created: 1
23:08:54 | INFO: Extracting primitive: b52_186
23:08:54 | INFO: Primitives created: 1
23:08:54 | INFO: Extracting primitive: b52_187
23:08:54 | INFO: Primitives created: 1
23:08:54 | INFO: Extracting primitive: b52_188
23:08:54 | INFO: Primitives created: 1
23:08:54 | INFO: Extracting primitive: b52_189
23:08:54 | INFO: Primitives created: 1
23:08:54 | INFO: Extracting primitive: b52_190
23:08:54 | INFO: Primitives created: 1
23:08:54 | INFO: Extracting primitive: b52_191
23:08:54 | INFO: Primitives created: 1
23:08:54 | INFO: Extracting primitive: b52_192
23:08:54 | INFO: Primitives created: 1
23:08:54 | INFO: Extracting primitive: b52_193
23:08:54 | INFO: Primitives created: 1
23:08:54 | INFO: Extracting primitive: b52_194
23:08:54 | INFO: Primitives created: 1
23:08:54 | INFO: Extracting primitive: b52_195
23:08:54 | INFO: Primitives created: 1
23:08:54 | INFO: Extracting primitive: b52_196
23:08:54 | INFO: Primitives created: 1
23:08:54 | INFO: Extracting primitive: b52_197
23:08:54 | INFO: Primitives created: 1
23:08:54 | INFO: Extracting primitive: b52_198
23:08:54 | INFO: Primitives created: 1
23:08:54 | INFO: Extracting primitive: b52_199
23:08:54 | INFO: Primitives created: 1
23:08:54 | INFO: Extracting primitive: b52_200
23:08:54 | INFO: Primitives created: 1
23:08:54 | INFO: Extracting primitive: b52_201
23:08:54 | INFO: Primitives created: 1
23:08:54 | INFO: Extracting primitive: b52_202
23:08:54 | INFO: Primitives created: 1
23:08:54 | INFO: Extracting primitive: b52_203
23:08:54 | INFO: Primitives created: 1
23:08:54 | INFO: Extracting primitive: b52_204
23:08:54 | INFO: Primitives created: 1
23:08:54 | INFO: Extracting primitive: b52_205
23:08:54 | INFO: Primitives created: 1
23:08:54 | INFO: Extracting primitive: b52_206
23:08:54 | INFO: Primitives created: 1
23:08:54 | INFO: Extracting primitive: b52_207
23:08:54 | INFO: Primitives created: 1
23:08:54 | INFO: Extracting primitive: b52_208
23:08:54 | INFO: Primitives created: 1
23:08:54 | INFO: Extracting primitive: b52_209
23:08:54 | INFO: Primitives created: 1
23:08:54 | INFO: Extracting primitive: baydoor_0
23:08:54 | INFO: Primitives created: 1
23:08:54 | INFO: Extracting primitive: bomb_0
23:08:54 | INFO: Primitives created: 1
23:08:54 | INFO: Extracting primitive: bomb_1
23:08:54 | INFO: Primitives created: 1
23:08:54 | INFO: Extracting primitive: bomb_2
23:08:54 | INFO: Primitives created: 1
23:08:54 | INFO: Extracting primitive: house0_0
23:08:54 | INFO: Primitives created: 1
23:08:54 | INFO: Extracting primitive: house0_1
23:08:54 | INFO: Primitives created: 1
23:08:54 | INFO: Extracting primitive: house0_2
23:08:54 | INFO: Primitives created: 1
23:08:54 | INFO: Extracting primitive: house0_3
23:08:54 | INFO: Primitives created: 1
23:08:54 | INFO: Extracting primitive: house0_4
23:08:54 | INFO: Primitives created: 1
23:08:54 | INFO: Extracting primitive: house0_5
23:08:54 | INFO: Primitives created: 1
23:08:54 | INFO: Extracting primitive: house0_6
23:08:54 | INFO: Primitives created: 1
23:08:54 | INFO: Extracting primitive: house0_7
23:08:54 | INFO: Primitives created: 1
23:08:54 | INFO: Extracting primitive: house0_8
23:08:54 | INFO: Primitives created: 1
23:08:54 | INFO: Extracting primitive: house0_9
23:08:54 | INFO: Primitives created: 1
23:08:54 | INFO: Extracting primitive: house0_10
23:08:54 | INFO: Primitives created: 1
23:08:54 | INFO: Extracting primitive: house0_11
23:08:54 | INFO: Primitives created: 1
23:08:54 | INFO: Extracting primitive: house0_12
23:08:54 | INFO: Primitives created: 1
23:08:54 | INFO: Extracting primitive: house0_13
23:08:54 | INFO: Primitives created: 1
23:08:54 | INFO: Extracting primitive: house0_14
23:08:54 | INFO: Primitives created: 1
23:08:54 | INFO: Extracting primitive: house0_15
23:08:54 | INFO: Primitives created: 1
23:08:54 | INFO: Extracting primitive: house0_16
23:08:54 | INFO: Primitives created: 1
23:08:54 | INFO: Extracting primitive: house0_17
23:08:54 | INFO: Primitives created: 1
23:08:54 | INFO: Extracting primitive: house0_18
23:08:54 | INFO: Primitives created: 1
23:08:54 | INFO: Extracting primitive: house0_19
23:08:54 | INFO: Primitives created: 1
23:08:54 | INFO: Extracting primitive: house0_20
23:08:54 | INFO: Primitives created: 1
23:08:54 | INFO: Extracting primitive: house0_21
23:08:54 | INFO: Primitives created: 1
23:08:54 | INFO: Extracting primitive: house0_22
23:08:54 | INFO: Primitives created: 1
23:08:54 | INFO: Extracting primitive: house0_23
23:08:54 | INFO: Primitives created: 1
23:08:54 | INFO: Extracting primitive: house0_24
23:08:54 | INFO: Primitives created: 1
23:08:54 | INFO: Extracting primitive: house0_25
23:08:54 | INFO: Primitives created: 1
23:08:54 | INFO: Extracting primitive: house0_26
23:08:54 | INFO: Primitives created: 1
23:08:54 | INFO: Extracting primitive: house0_27
23:08:54 | INFO: Primitives created: 1
23:08:54 | INFO: Extracting primitive: house0_28
23:08:54 | INFO: Primitives created: 1
23:08:54 | INFO: Extracting primitive: house0_29
23:08:54 | INFO: Primitives created: 1
23:08:54 | INFO: Extracting primitive: house0_30
23:08:54 | INFO: Primitives created: 1
23:08:54 | INFO: Extracting primitive: house0_31
23:08:54 | INFO: Primitives created: 1
23:08:54 | INFO: Extracting primitive: house0_32
23:08:54 | INFO: Primitives created: 1
23:08:54 | INFO: Extracting primitive: house0_33
23:08:54 | INFO: Primitives created: 1
23:08:54 | INFO: Extracting primitive: house0_34
23:08:54 | INFO: Primitives created: 1
23:08:54 | INFO: Extracting primitive: house0_35
23:08:54 | INFO: Primitives created: 1
23:08:54 | INFO: Extracting primitive: house0_36
23:08:54 | INFO: Primitives created: 1
23:08:54 | INFO: Extracting primitive: house0_37
23:08:54 | INFO: Primitives created: 1
23:08:54 | INFO: Extracting primitive: house0_38
23:08:54 | INFO: Primitives created: 1
23:08:54 | INFO: Extracting primitive: house0_39
23:08:54 | INFO: Primitives created: 1
23:08:54 | INFO: Extracting primitive: house0_40
23:08:54 | INFO: Primitives created: 1
23:08:54 | INFO: Extracting primitive: house0_41
23:08:54 | INFO: Primitives created: 1
23:08:54 | INFO: Extracting primitive: house0_42
23:08:54 | INFO: Primitives created: 1
23:08:54 | INFO: Extracting primitive: house0_43
23:08:54 | INFO: Primitives created: 1
23:08:54 | INFO: Extracting primitive: house0_44
23:08:54 | INFO: Primitives created: 1
23:08:54 | INFO: Extracting primitive: house0_45
23:08:54 | INFO: Primitives created: 1
23:08:54 | INFO: Extracting primitive: house0_46
23:08:54 | INFO: Primitives created: 1
23:08:54 | INFO: Extracting primitive: house0_47
23:08:54 | INFO: Primitives created: 1
23:08:54 | INFO: Extracting primitive: house0_48
23:08:54 | INFO: Primitives created: 1
23:08:54 | INFO: Extracting primitive: house0_49
23:08:54 | INFO: Primitives created: 1
23:08:54 | INFO: Extracting primitive: house0_50
23:08:54 | INFO: Primitives created: 1
23:08:54 | INFO: Extracting primitive: house0_51
23:08:54 | INFO: Primitives created: 1
23:08:54 | INFO: Extracting primitive: house0_52
23:08:54 | INFO: Primitives created: 1
23:08:54 | INFO: Extracting primitive: house0_53
23:08:54 | INFO: Primitives created: 1
23:08:54 | INFO: Extracting primitive: house0_54
23:08:54 | INFO: Primitives created: 1
23:08:54 | INFO: Extracting primitive: house0_55
23:08:54 | INFO: Primitives created: 1
23:08:54 | INFO: Extracting primitive: house0_56
23:08:54 | INFO: Primitives created: 1
23:08:54 | INFO: Extracting primitive: house0_57
23:08:54 | INFO: Primitives created: 1
23:08:54 | INFO: Extracting primitive: house0_58
23:08:54 | INFO: Primitives created: 1
23:08:54 | INFO: Extracting primitive: house0_59
23:08:54 | INFO: Primitives created: 1
23:08:54 | INFO: Extracting primitive: house0_60
23:08:54 | INFO: Primitives created: 1
23:08:54 | INFO: Extracting primitive: house0_61
23:08:54 | INFO: Primitives created: 1
23:08:54 | INFO: Extracting primitive: house0_62
23:08:54 | INFO: Primitives created: 1
23:08:54 | INFO: Extracting primitive: house0_63
23:08:54 | INFO: Primitives created: 1
23:08:54 | INFO: Extracting primitive: house0_64
23:08:54 | INFO: Primitives created: 1
23:08:54 | INFO: Extracting primitive: house0_65
23:08:54 | INFO: Primitives created: 1
23:08:54 | INFO: Extracting primitive: house0_66
23:08:54 | INFO: Primitives created: 1
23:08:54 | INFO: Extracting primitive: house0_67
23:08:54 | INFO: Primitives created: 1
23:08:54 | INFO: Extracting primitive: house0_68
23:08:54 | INFO: Primitives created: 1
23:08:54 | INFO: Extracting primitive: house0_69
23:08:54 | INFO: Primitives created: 1
23:08:54 | INFO: Extracting primitive: house0_70
23:08:54 | INFO: Primitives created: 1
23:08:54 | INFO: Extracting primitive: house0_71
23:08:54 | INFO: Primitives created: 1
23:08:54 | INFO: Extracting primitive: house0_72
23:08:54 | INFO: Primitives created: 1
23:08:54 | INFO: Extracting primitive: house0_73
23:08:54 | INFO: Primitives created: 1
23:08:54 | INFO: Extracting primitive: house0_74
23:08:54 | INFO: Primitives created: 1
23:08:54 | INFO: Extracting primitive: house0_75
23:08:54 | INFO: Primitives created: 1
23:08:54 | INFO: Extracting primitive: house0_76
23:08:54 | INFO: Primitives created: 1
23:08:54 | INFO: Extracting primitive: house0_77
23:08:54 | INFO: Primitives created: 1
23:08:54 | INFO: Extracting primitive: house0_78
23:08:54 | INFO: Primitives created: 1
23:08:54 | INFO: Extracting primitive: house0_79
23:08:54 | INFO: Primitives created: 1
23:08:54 | INFO: Extracting primitive: house0_80
23:08:54 | INFO: Primitives created: 1
23:08:54 | INFO: Extracting primitive: house0_81
23:08:54 | INFO: Primitives created: 1
23:08:54 | INFO: Extracting primitive: house0_82
23:08:54 | INFO: Primitives created: 1
23:08:54 | INFO: Extracting primitive: house0_83
23:08:54 | INFO: Primitives created: 1
23:08:54 | INFO: Extracting primitive: house0_84
23:08:54 | INFO: Primitives created: 1
23:08:54 | INFO: Extracting primitive: house0_85
23:08:54 | INFO: Primitives created: 1
23:08:54 | INFO: Extracting primitive: house0_86
23:08:54 | INFO: Primitives created: 1
23:08:54 | INFO: Extracting primitive: house0_87
23:08:54 | INFO: Primitives created: 1
23:08:54 | INFO: Extracting primitive: house0_88
23:08:54 | INFO: Primitives created: 1
23:08:54 | INFO: Extracting primitive: house0_89
23:08:54 | INFO: Primitives created: 1
23:08:54 | INFO: Extracting primitive: house0_90
23:08:54 | INFO: Primitives created: 1
23:08:54 | INFO: Extracting primitive: house0_91
23:08:54 | INFO: Primitives created: 1
23:08:54 | INFO: Extracting primitive: house0_92
23:08:54 | INFO: Primitives created: 1
23:08:54 | INFO: Extracting primitive: house0_93
23:08:54 | INFO: Primitives created: 1
23:08:54 | INFO: Extracting primitive: house0_94
23:08:54 | INFO: Primitives created: 1
23:08:54 | INFO: Extracting primitive: house0_95
23:08:54 | INFO: Primitives created: 1
23:08:54 | INFO: Extracting primitive: house0_96
23:08:54 | INFO: Primitives created: 1
23:08:54 | INFO: Extracting primitive: house0_97
23:08:54 | INFO: Primitives created: 1
23:08:54 | INFO: Extracting primitive: house0_98
23:08:54 | INFO: Primitives created: 1
23:08:54 | INFO: Extracting primitive: house0_99
23:08:54 | INFO: Primitives created: 1
23:08:54 | INFO: Extracting primitive: house0_100
23:08:54 | INFO: Primitives created: 1
23:08:54 | INFO: Extracting primitive: house0_101
23:08:54 | INFO: Primitives created: 1
23:08:54 | INFO: Extracting primitive: house0_102
23:08:54 | INFO: Primitives created: 1
23:08:54 | INFO: Extracting primitive: house0_103
23:08:54 | INFO: Primitives created: 1
23:08:54 | INFO: Extracting primitive: house0_104
23:08:54 | INFO: Primitives created: 1
23:08:54 | INFO: Extracting primitive: house0_105
23:08:54 | INFO: Primitives created: 1
23:08:54 | INFO: Extracting primitive: house0_106
23:08:54 | INFO: Primitives created: 1
23:08:54 | INFO: Extracting primitive: house0_107
23:08:54 | INFO: Primitives created: 1
23:08:54 | INFO: Extracting primitive: house0_108
23:08:54 | INFO: Primitives created: 1
23:08:54 | INFO: Extracting primitive: house0_109
23:08:54 | INFO: Primitives created: 1
23:08:54 | INFO: Extracting primitive: house0_110
23:08:54 | INFO: Primitives created: 1
23:08:54 | INFO: Extracting primitive: house0_111
23:08:54 | INFO: Primitives created: 1
23:08:54 | INFO: Extracting primitive: house0_112
23:08:54 | INFO: Primitives created: 1
23:08:54 | INFO: Extracting primitive: house0_113
23:08:54 | INFO: Primitives created: 1
23:08:54 | INFO: Extracting primitive: house0_114
23:08:54 | INFO: Primitives created: 1
23:08:54 | INFO: Extracting primitive: house0_115
23:08:54 | INFO: Primitives created: 1
23:08:54 | INFO: Extracting primitive: house0_116
23:08:54 | INFO: Primitives created: 1
23:08:54 | INFO: Extracting primitive: house0_117
23:08:54 | INFO: Primitives created: 1
23:08:54 | INFO: Extracting primitive: house0_118
23:08:54 | INFO: Primitives created: 1
23:08:54 | INFO: Extracting primitive: house0_119
23:08:54 | INFO: Primitives created: 1
23:08:54 | INFO: Extracting primitive: house0_120
23:08:54 | INFO: Primitives created: 1
23:08:54 | INFO: Extracting primitive: house0_121
23:08:54 | INFO: Primitives created: 1
23:08:54 | INFO: Extracting primitive: house0_122
23:08:54 | INFO: Primitives created: 1
23:08:54 | INFO: Extracting primitive: house0_123
23:08:54 | INFO: Primitives created: 1
23:08:54 | INFO: Extracting primitive: house0_124
23:08:54 | INFO: Primitives created: 1
23:08:54 | INFO: Extracting primitive: house0_125
23:08:54 | INFO: Primitives created: 1
23:08:54 | INFO: Extracting primitive: house0_126
23:08:54 | INFO: Primitives created: 1
23:08:54 | INFO: Extracting primitive: house0_127
23:08:54 | INFO: Primitives created: 1
23:08:54 | INFO: Extracting primitive: house0_128
23:08:54 | INFO: Primitives created: 1
23:08:54 | INFO: Extracting primitive: house0_129
23:08:54 | INFO: Primitives created: 1
23:08:54 | INFO: Extracting primitive: house0_130
23:08:54 | INFO: Primitives created: 1
23:08:54 | INFO: Extracting primitive: house0_131
23:08:54 | INFO: Primitives created: 1
23:08:54 | INFO: Extracting primitive: house0_132
23:08:54 | INFO: Primitives created: 1
23:08:54 | INFO: Extracting primitive: house0_133
23:08:54 | INFO: Primitives created: 1
23:08:54 | INFO: Extracting primitive: house0_134
23:08:54 | INFO: Primitives created: 1
23:08:54 | INFO: Extracting primitive: ruin0_0
23:08:54 | INFO: Primitives created: 1
23:08:54 | INFO: Extracting primitive: ruin0_1
23:08:54 | INFO: Primitives created: 1
23:08:54 | INFO: Extracting primitive: ruin0_2
23:08:54 | INFO: Primitives created: 1
23:08:54 | INFO: Extracting primitive: ruin0_3
23:08:54 | INFO: Primitives created: 1
23:08:54 | INFO: Extracting primitive: ruin0_4
23:08:54 | INFO: Primitives created: 1
23:08:54 | INFO: Extracting primitive: ruin0_5
23:08:54 | INFO: Primitives created: 1
23:08:54 | INFO: Extracting primitive: ruin0_6
23:08:54 | INFO: Primitives created: 1
23:08:54 | INFO: Extracting primitive: ruin0_7
23:08:54 | INFO: Primitives created: 1
23:08:54 | INFO: Extracting primitive: ruin0_8
23:08:54 | INFO: Primitives created: 1
23:08:54 | INFO: Extracting primitive: ruin0_9
23:08:54 | INFO: Primitives created: 1
23:08:54 | INFO: Extracting primitive: ruin0_10
23:08:54 | INFO: Primitives created: 1
23:08:54 | INFO: Extracting primitive: ruin0_11
23:08:54 | INFO: Primitives created: 1
23:08:54 | INFO: Extracting primitive: ruin0_12
23:08:54 | INFO: Primitives created: 1
23:08:54 | INFO: Extracting primitive: ruin0_13
23:08:54 | INFO: Primitives created: 1
23:08:54 | INFO: Extracting primitive: ruin0_14
23:08:54 | INFO: Primitives created: 1
23:08:54 | INFO: Extracting primitive: ruin0_15
23:08:54 | INFO: Primitives created: 1
23:08:54 | INFO: Extracting primitive: ruin0_16
23:08:54 | INFO: Primitives created: 1
23:08:54 | INFO: Extracting primitive: ruin0_17
23:08:54 | INFO: Primitives created: 1
23:08:54 | INFO: Extracting primitive: ruin0_18
23:08:54 | INFO: Primitives created: 1
23:08:54 | INFO: Extracting primitive: ruin0_19
23:08:54 | INFO: Primitives created: 1
23:08:54 | INFO: Extracting primitive: ruin0_20
23:08:54 | INFO: Primitives created: 1
23:08:54 | INFO: Extracting primitive: ruin0_21
23:08:54 | INFO: Primitives created: 1
23:08:54 | INFO: Extracting primitive: ruin0_22
23:08:54 | INFO: Primitives created: 1
23:08:54 | INFO: Extracting primitive: ruin0_23
23:08:54 | INFO: Primitives created: 1
23:08:54 | INFO: Extracting primitive: ruin0_24
23:08:54 | INFO: Primitives created: 1
23:08:54 | INFO: Extracting primitive: ruin0_25
23:08:54 | INFO: Primitives created: 1
23:08:54 | INFO: Extracting primitive: ruin0_26
23:08:54 | INFO: Primitives created: 1
23:08:54 | INFO: Extracting primitive: ruin0_27
23:08:54 | INFO: Primitives created: 1
23:08:54 | INFO: Extracting primitive: ruin0_28
23:08:54 | INFO: Primitives created: 1
23:08:54 | INFO: Extracting primitive: ruin0_29
23:08:54 | INFO: Primitives created: 1
23:08:54 | INFO: Extracting primitive: ruin0_30
23:08:54 | INFO: Primitives created: 1
23:08:54 | INFO: Extracting primitive: ruin0_31
23:08:54 | INFO: Primitives created: 1
23:08:54 | INFO: Extracting primitive: ruin0_32
23:08:54 | INFO: Primitives created: 1
23:08:54 | INFO: Extracting primitive: ruin0_33
23:08:54 | INFO: Primitives created: 1
23:08:54 | INFO: Extracting primitive: ruin0_34
23:08:54 | INFO: Primitives created: 1
23:08:54 | INFO: Extracting primitive: ruin0_35
23:08:54 | INFO: Primitives created: 1
23:08:54 | INFO: Extracting primitive: ruin0_36
23:08:54 | INFO: Primitives created: 1
23:08:54 | INFO: Extracting primitive: ruin0_37
23:08:54 | INFO: Primitives created: 1
23:08:54 | INFO: Extracting primitive: ruin0_38
23:08:54 | INFO: Primitives created: 1
23:08:54 | INFO: Extracting primitive: ruin0_39
23:08:54 | INFO: Primitives created: 1
23:08:54 | INFO: Extracting primitive: ruin0_40
23:08:54 | INFO: Primitives created: 1
23:08:54 | INFO: Extracting primitive: ruin0_41
23:08:54 | INFO: Primitives created: 1
23:08:54 | INFO: Extracting primitive: ruin0_42
23:08:54 | INFO: Primitives created: 1
23:08:54 | INFO: Extracting primitive: ruin0_43
23:08:54 | INFO: Primitives created: 1
23:08:54 | INFO: Extracting primitive: ruin0_44
23:08:54 | INFO: Primitives created: 1
23:08:54 | INFO: Extracting primitive: ruin0_45
23:08:54 | INFO: Primitives created: 1
23:08:54 | INFO: Extracting primitive: ruin0_46
23:08:54 | INFO: Primitives created: 1
23:08:54 | INFO: Extracting primitive: ruin0_47
23:08:54 | INFO: Primitives created: 1
23:08:54 | INFO: Extracting primitive: ruin0_48
23:08:54 | INFO: Primitives created: 1
23:08:54 | INFO: Extracting primitive: ruin0_49
23:08:54 | INFO: Primitives created: 1
23:08:54 | INFO: Extracting primitive: ruin0_50
23:08:54 | INFO: Primitives created: 1
23:08:54 | INFO: Extracting primitive: ruin0_51
23:08:54 | INFO: Primitives created: 1
23:08:54 | INFO: Extracting primitive: ruin0_52
23:08:54 | INFO: Primitives created: 1
23:08:54 | INFO: Extracting primitive: ruin0_53
23:08:54 | INFO: Primitives created: 1
23:08:54 | INFO: Extracting primitive: ruin0_54
23:08:54 | INFO: Primitives created: 1
23:08:54 | INFO: Extracting primitive: ruin0_55
23:08:54 | INFO: Primitives created: 1
23:08:54 | INFO: Extracting primitive: ruin0_56
23:08:54 | INFO: Primitives created: 1
23:08:54 | INFO: Extracting primitive: ruin0_57
23:08:54 | INFO: Primitives created: 1
23:08:54 | INFO: Extracting primitive: ruin0_58
23:08:54 | INFO: Primitives created: 1
23:08:54 | INFO: Extracting primitive: ruin0_59
23:08:54 | INFO: Primitives created: 1
23:08:54 | INFO: Extracting primitive: ruin0_60
23:08:54 | INFO: Primitives created: 1
23:08:54 | INFO: Extracting primitive: ruin0_61
23:08:54 | INFO: Primitives created: 1
23:08:54 | INFO: Extracting primitive: ruin0_62
23:08:54 | INFO: Primitives created: 1
23:08:54 | INFO: Extracting primitive: ruin0_63
23:08:54 | INFO: Primitives created: 1
23:08:54 | INFO: Extracting primitive: ruin0_64
23:08:54 | INFO: Primitives created: 1
23:08:54 | INFO: Extracting primitive: ruin0_65
23:08:54 | INFO: Primitives created: 1
23:08:54 | INFO: Extracting primitive: ruin0_66
23:08:54 | INFO: Primitives created: 1
23:08:54 | INFO: Extracting primitive: ruin0_67
23:08:54 | INFO: Primitives created: 1
23:08:54 | INFO: Extracting primitive: ruin0_68
23:08:54 | INFO: Primitives created: 1
23:08:54 | INFO: Extracting primitive: ruin0_69
23:08:54 | INFO: Primitives created: 1
23:08:54 | INFO: Extracting primitive: ruin0_70
23:08:54 | INFO: Primitives created: 1
23:08:54 | INFO: Extracting primitive: ruin0_71
23:08:54 | INFO: Primitives created: 1
23:08:54 | INFO: Extracting primitive: ruin0_72
23:08:54 | INFO: Primitives created: 1
23:08:54 | INFO: Extracting primitive: ruin0_73
23:08:54 | INFO: Primitives created: 1
23:08:54 | INFO: Extracting primitive: ruin0_74
23:08:54 | INFO: Primitives created: 1
23:08:54 | INFO: Extracting primitive: ruin0_75
23:08:54 | INFO: Primitives created: 1
23:08:54 | INFO: Extracting primitive: ruin0_76
23:08:54 | INFO: Primitives created: 1
23:08:54 | INFO: Extracting primitive: ruin0_77
23:08:54 | INFO: Primitives created: 1
23:08:54 | INFO: Extracting primitive: ruin0_78
23:08:54 | INFO: Primitives created: 1
23:08:54 | INFO: Extracting primitive: ruin0_79
23:08:54 | INFO: Primitives created: 1
23:08:54 | INFO: Extracting primitive: ruin0_80
23:08:54 | INFO: Primitives created: 1
23:08:54 | INFO: Extracting primitive: ruin0_81
23:08:54 | INFO: Primitives created: 1
23:08:54 | INFO: Extracting primitive: ruin0_82
23:08:54 | INFO: Primitives created: 1
23:08:54 | INFO: Extracting primitive: ruin0_83
23:08:54 | INFO: Primitives created: 1
23:08:54 | INFO: Extracting primitive: ruin0_84
23:08:54 | INFO: Primitives created: 1
23:08:54 | INFO: Extracting primitive: house1_0
23:08:54 | INFO: Primitives created: 1
23:08:54 | INFO: Extracting primitive: house1_1
23:08:54 | INFO: Primitives created: 1
23:08:54 | INFO: Extracting primitive: house1_2
23:08:54 | INFO: Primitives created: 1
23:08:54 | INFO: Extracting primitive: house1_3
23:08:54 | INFO: Primitives created: 1
23:08:54 | INFO: Extracting primitive: house1_4
23:08:54 | INFO: Primitives created: 1
23:08:54 | INFO: Extracting primitive: house1_5
23:08:54 | INFO: Primitives created: 1
23:08:54 | INFO: Extracting primitive: house1_6
23:08:54 | INFO: Primitives created: 1
23:08:54 | INFO: Extracting primitive: house1_7
23:08:54 | INFO: Primitives created: 1
23:08:54 | INFO: Extracting primitive: house1_8
23:08:54 | INFO: Primitives created: 1
23:08:54 | INFO: Extracting primitive: house1_9
23:08:54 | INFO: Primitives created: 1
23:08:54 | INFO: Extracting primitive: house1_10
23:08:54 | INFO: Primitives created: 1
23:08:54 | INFO: Extracting primitive: house1_11
23:08:54 | INFO: Primitives created: 1
23:08:54 | INFO: Extracting primitive: house1_12
23:08:54 | INFO: Primitives created: 1
23:08:54 | INFO: Extracting primitive: house1_13
23:08:54 | INFO: Primitives created: 1
23:08:54 | INFO: Extracting primitive: house1_14
23:08:54 | INFO: Primitives created: 1
23:08:54 | INFO: Extracting primitive: house1_15
23:08:54 | INFO: Primitives created: 1
23:08:54 | INFO: Extracting primitive: house1_16
23:08:54 | INFO: Primitives created: 1
23:08:54 | INFO: Extracting primitive: house1_17
23:08:54 | INFO: Primitives created: 1
23:08:54 | INFO: Extracting primitive: house1_18
23:08:54 | INFO: Primitives created: 1
23:08:54 | INFO: Extracting primitive: house1_19
23:08:54 | INFO: Primitives created: 1
23:08:54 | INFO: Extracting primitive: house1_20
23:08:54 | INFO: Primitives created: 1
23:08:54 | INFO: Extracting primitive: house1_21
23:08:54 | INFO: Primitives created: 1
23:08:54 | INFO: Extracting primitive: house1_22
23:08:54 | INFO: Primitives created: 1
23:08:54 | INFO: Extracting primitive: house1_23
23:08:54 | INFO: Primitives created: 1
23:08:54 | INFO: Extracting primitive: house1_24
23:08:54 | INFO: Primitives created: 1
23:08:54 | INFO: Extracting primitive: house1_25
23:08:54 | INFO: Primitives created: 1
23:08:54 | INFO: Extracting primitive: house1_26
23:08:54 | INFO: Primitives created: 1
23:08:54 | INFO: Extracting primitive: house1_27
23:08:54 | INFO: Primitives created: 1
23:08:54 | INFO: Extracting primitive: house1_28
23:08:54 | INFO: Primitives created: 1
23:08:54 | INFO: Extracting primitive: house1_29
23:08:54 | INFO: Primitives created: 1
23:08:54 | INFO: Extracting primitive: house1_30
23:08:54 | INFO: Primitives created: 1
23:08:54 | INFO: Extracting primitive: house1_31
23:08:54 | INFO: Primitives created: 1
23:08:54 | INFO: Extracting primitive: house1_32
23:08:54 | INFO: Primitives created: 1
23:08:54 | INFO: Extracting primitive: house1_33
23:08:54 | INFO: Primitives created: 1
23:08:54 | INFO: Extracting primitive: house1_34
23:08:54 | INFO: Primitives created: 1
23:08:54 | INFO: Extracting primitive: house1_35
23:08:54 | INFO: Primitives created: 1
23:08:54 | INFO: Extracting primitive: house1_36
23:08:54 | INFO: Primitives created: 1
23:08:54 | INFO: Extracting primitive: house1_37
23:08:54 | INFO: Primitives created: 1
23:08:54 | INFO: Extracting primitive: house1_38
23:08:54 | INFO: Primitives created: 1
23:08:54 | INFO: Extracting primitive: house1_39
23:08:54 | INFO: Primitives created: 1
23:08:54 | INFO: Extracting primitive: house1_40
23:08:54 | INFO: Primitives created: 1
23:08:54 | INFO: Extracting primitive: house1_41
23:08:54 | INFO: Primitives created: 1
23:08:54 | INFO: Extracting primitive: house1_42
23:08:54 | INFO: Primitives created: 1
23:08:54 | INFO: Extracting primitive: house1_43
23:08:54 | INFO: Primitives created: 1
23:08:54 | INFO: Extracting primitive: house1_44
23:08:54 | INFO: Primitives created: 1
23:08:54 | INFO: Extracting primitive: house1_45
23:08:54 | INFO: Primitives created: 1
23:08:54 | INFO: Extracting primitive: house1_46
23:08:54 | INFO: Primitives created: 1
23:08:54 | INFO: Extracting primitive: house1_47
23:08:54 | INFO: Primitives created: 1
23:08:54 | INFO: Extracting primitive: house1_48
23:08:54 | INFO: Primitives created: 1
23:08:54 | INFO: Extracting primitive: house1_49
23:08:54 | INFO: Primitives created: 1
23:08:54 | INFO: Extracting primitive: house1_50
23:08:54 | INFO: Primitives created: 1
23:08:54 | INFO: Extracting primitive: house1_51
23:08:54 | INFO: Primitives created: 1
23:08:54 | INFO: Extracting primitive: house1_52
23:08:54 | INFO: Primitives created: 1
23:08:54 | INFO: Extracting primitive: house1_53
23:08:54 | INFO: Primitives created: 1
23:08:54 | INFO: Extracting primitive: house1_54
23:08:54 | INFO: Primitives created: 1
23:08:54 | INFO: Extracting primitive: house1_55
23:08:54 | INFO: Primitives created: 1
23:08:54 | INFO: Extracting primitive: house1_56
23:08:54 | INFO: Primitives created: 1
23:08:54 | INFO: Extracting primitive: house1_57
23:08:54 | INFO: Primitives created: 1
23:08:54 | INFO: Extracting primitive: house1_58
23:08:54 | INFO: Primitives created: 1
23:08:54 | INFO: Extracting primitive: house1_59
23:08:54 | INFO: Primitives created: 1
23:08:54 | INFO: Extracting primitive: house1_60
23:08:54 | INFO: Primitives created: 1
23:08:54 | INFO: Extracting primitive: house1_61
23:08:54 | INFO: Primitives created: 1
23:08:54 | INFO: Extracting primitive: house1_62
23:08:54 | INFO: Primitives created: 1
23:08:54 | INFO: Extracting primitive: house1_63
23:08:54 | INFO: Primitives created: 1
23:08:54 | INFO: Extracting primitive: house1_64
23:08:54 | INFO: Primitives created: 1
23:08:54 | INFO: Extracting primitive: house1_65
23:08:54 | INFO: Primitives created: 1
23:08:54 | INFO: Extracting primitive: house1_66
23:08:54 | INFO: Primitives created: 1
23:08:54 | INFO: Extracting primitive: house1_67
23:08:54 | INFO: Primitives created: 1
23:08:54 | INFO: Extracting primitive: house1_68
23:08:54 | INFO: Primitives created: 1
23:08:54 | INFO: Extracting primitive: house1_69
23:08:54 | INFO: Primitives created: 1
23:08:54 | INFO: Extracting primitive: house1_70
23:08:54 | INFO: Primitives created: 1
23:08:54 | INFO: Extracting primitive: house1_71
23:08:54 | INFO: Primitives created: 1
23:08:54 | INFO: Extracting primitive: house1_72
23:08:54 | INFO: Primitives created: 1
23:08:54 | INFO: Extracting primitive: house1_73
23:08:54 | INFO: Primitives created: 1
23:08:54 | INFO: Extracting primitive: house1_74
23:08:54 | INFO: Primitives created: 1
23:08:54 | INFO: Extracting primitive: house1_75
23:08:54 | INFO: Primitives created: 1
23:08:54 | INFO: Extracting primitive: house1_76
23:08:54 | INFO: Primitives created: 1
23:08:54 | INFO: Extracting primitive: house1_77
23:08:54 | INFO: Primitives created: 1
23:08:54 | INFO: Extracting primitive: house1_78
23:08:54 | INFO: Primitives created: 1
23:08:54 | INFO: Extracting primitive: house1_79
23:08:54 | INFO: Primitives created: 1
23:08:54 | INFO: Extracting primitive: house1_80
23:08:54 | INFO: Primitives created: 1
23:08:54 | INFO: Extracting primitive: house1_81
23:08:54 | INFO: Primitives created: 1
23:08:54 | INFO: Extracting primitive: house1_82
23:08:54 | INFO: Primitives created: 1
23:08:54 | INFO: Extracting primitive: house1_83
23:08:54 | INFO: Primitives created: 1
23:08:54 | INFO: Extracting primitive: house1_84
23:08:54 | INFO: Primitives created: 1
23:08:54 | INFO: Extracting primitive: house1_85
23:08:54 | INFO: Primitives created: 1
23:08:54 | INFO: Extracting primitive: house1_86
23:08:54 | INFO: Primitives created: 1
23:08:54 | INFO: Extracting primitive: house1_87
23:08:54 | INFO: Primitives created: 1
23:08:54 | INFO: Extracting primitive: house1_88
23:08:54 | INFO: Primitives created: 1
23:08:54 | INFO: Extracting primitive: house1_89
23:08:54 | INFO: Primitives created: 1
23:08:54 | INFO: Extracting primitive: house1_90
23:08:54 | INFO: Primitives created: 1
23:08:54 | INFO: Extracting primitive: house1_91
23:08:54 | INFO: Primitives created: 1
23:08:54 | INFO: Extracting primitive: house1_92
23:08:54 | INFO: Primitives created: 1
23:08:54 | INFO: Extracting primitive: house1_93
23:08:54 | INFO: Primitives created: 1
23:08:54 | INFO: Extracting primitive: house1_94
23:08:54 | INFO: Primitives created: 1
23:08:54 | INFO: Extracting primitive: house1_95
23:08:54 | INFO: Primitives created: 1
23:08:54 | INFO: Extracting primitive: house1_96
23:08:54 | INFO: Primitives created: 1
23:08:54 | INFO: Extracting primitive: house1_97
23:08:54 | INFO: Primitives created: 1
23:08:54 | INFO: Extracting primitive: house1_98
23:08:54 | INFO: Primitives created: 1
23:08:54 | INFO: Extracting primitive: house1_99
23:08:54 | INFO: Primitives created: 1
23:08:54 | INFO: Extracting primitive: house1_100
23:08:54 | INFO: Primitives created: 1
23:08:54 | INFO: Extracting primitive: house1_101
23:08:54 | INFO: Primitives created: 1
23:08:54 | INFO: Extracting primitive: house1_102
23:08:54 | INFO: Primitives created: 1
23:08:54 | INFO: Extracting primitive: house1_103
23:08:54 | INFO: Primitives created: 1
23:08:54 | INFO: Extracting primitive: house1_104
23:08:54 | INFO: Primitives created: 1
23:08:54 | INFO: Extracting primitive: house1_105
23:08:54 | INFO: Primitives created: 1
23:08:54 | INFO: Extracting primitive: house1_106
23:08:54 | INFO: Primitives created: 1
23:08:54 | INFO: Extracting primitive: house1_107
23:08:54 | INFO: Primitives created: 1
23:08:54 | INFO: Extracting primitive: house1_108
23:08:54 | INFO: Primitives created: 1
23:08:54 | INFO: Extracting primitive: house1_109
23:08:54 | INFO: Primitives created: 1
23:08:54 | INFO: Extracting primitive: house1_110
23:08:54 | INFO: Primitives created: 1
23:08:54 | INFO: Extracting primitive: house1_111
23:08:54 | INFO: Primitives created: 1
23:08:54 | INFO: Extracting primitive: house1_112
23:08:54 | INFO: Primitives created: 1
23:08:54 | INFO: Extracting primitive: house1_113
23:08:54 | INFO: Primitives created: 1
23:08:54 | INFO: Extracting primitive: house1_114
23:08:54 | INFO: Primitives created: 1
23:08:54 | INFO: Extracting primitive: house1_115
23:08:54 | INFO: Primitives created: 1
23:08:54 | INFO: Extracting primitive: house1_116
23:08:54 | INFO: Primitives created: 1
23:08:54 | INFO: Extracting primitive: house1_117
23:08:54 | INFO: Primitives created: 1
23:08:54 | INFO: Extracting primitive: ruin1_0
23:08:54 | INFO: Primitives created: 1
23:08:54 | INFO: Extracting primitive: ruin1_1
23:08:54 | INFO: Primitives created: 1
23:08:54 | INFO: Extracting primitive: ruin1_2
23:08:54 | INFO: Primitives created: 1
23:08:54 | INFO: Extracting primitive: ruin1_3
23:08:54 | INFO: Primitives created: 1
23:08:54 | INFO: Extracting primitive: ruin1_4
23:08:54 | INFO: Primitives created: 1
23:08:54 | INFO: Extracting primitive: ruin1_5
23:08:54 | INFO: Primitives created: 1
23:08:54 | INFO: Extracting primitive: ruin1_6
23:08:54 | INFO: Primitives created: 1
23:08:54 | INFO: Extracting primitive: ruin1_7
23:08:54 | INFO: Primitives created: 1
23:08:54 | INFO: Extracting primitive: ruin1_8
23:08:54 | INFO: Primitives created: 1
23:08:54 | INFO: Extracting primitive: ruin1_9
23:08:54 | INFO: Primitives created: 1
23:08:54 | INFO: Extracting primitive: ruin1_10
23:08:54 | INFO: Primitives created: 1
23:08:54 | INFO: Extracting primitive: ruin1_11
23:08:54 | INFO: Primitives created: 1
23:08:54 | INFO: Extracting primitive: ruin1_12
23:08:54 | INFO: Primitives created: 1
23:08:54 | INFO: Extracting primitive: ruin1_13
23:08:54 | INFO: Primitives created: 1
23:08:54 | INFO: Extracting primitive: ruin1_14
23:08:54 | INFO: Primitives created: 1
23:08:54 | INFO: Extracting primitive: ruin1_15
23:08:54 | INFO: Primitives created: 1
23:08:54 | INFO: Extracting primitive: ruin1_16
23:08:54 | INFO: Primitives created: 1
23:08:54 | INFO: Extracting primitive: ruin1_17
23:08:54 | INFO: Primitives created: 1
23:08:54 | INFO: Extracting primitive: ruin1_18
23:08:54 | INFO: Primitives created: 1
23:08:54 | INFO: Extracting primitive: ruin1_19
23:08:54 | INFO: Primitives created: 1
23:08:54 | INFO: Extracting primitive: ruin1_20
23:08:54 | INFO: Primitives created: 1
23:08:54 | INFO: Extracting primitive: ruin1_21
23:08:54 | INFO: Primitives created: 1
23:08:54 | INFO: Extracting primitive: ruin1_22
23:08:54 | INFO: Primitives created: 1
23:08:54 | INFO: Extracting primitive: ruin1_23
23:08:54 | INFO: Primitives created: 1
23:08:54 | INFO: Extracting primitive: ruin1_24
23:08:54 | INFO: Primitives created: 1
23:08:54 | INFO: Extracting primitive: ruin1_25
23:08:54 | INFO: Primitives created: 1
23:08:54 | INFO: Extracting primitive: ruin1_26
23:08:54 | INFO: Primitives created: 1
23:08:54 | INFO: Extracting primitive: ruin1_27
23:08:54 | INFO: Primitives created: 1
23:08:54 | INFO: Extracting primitive: ruin1_28
23:08:54 | INFO: Primitives created: 1
23:08:54 | INFO: Extracting primitive: ruin1_29
23:08:54 | INFO: Primitives created: 1
23:08:54 | INFO: Extracting primitive: ruin1_30
23:08:54 | INFO: Primitives created: 1
23:08:54 | INFO: Extracting primitive: ruin1_31
23:08:54 | INFO: Primitives created: 1
23:08:54 | INFO: Extracting primitive: ruin1_32
23:08:54 | INFO: Primitives created: 1
23:08:54 | INFO: Extracting primitive: ruin1_33
23:08:54 | INFO: Primitives created: 1
23:08:54 | INFO: Extracting primitive: ruin1_34
23:08:54 | INFO: Primitives created: 1
23:08:54 | INFO: Extracting primitive: ruin1_35
23:08:54 | INFO: Primitives created: 1
23:08:54 | INFO: Extracting primitive: ruin1_36
23:08:54 | INFO: Primitives created: 1
23:08:54 | INFO: Extracting primitive: ruin1_37
23:08:54 | INFO: Primitives created: 1
23:08:54 | INFO: Extracting primitive: ruin1_38
23:08:54 | INFO: Primitives created: 1
23:08:54 | INFO: Extracting primitive: ruin1_39
23:08:54 | INFO: Primitives created: 1
23:08:54 | INFO: Extracting primitive: ruin1_40
23:08:54 | INFO: Primitives created: 1
23:08:54 | INFO: Extracting primitive: ruin1_41
23:08:54 | INFO: Primitives created: 1
23:08:54 | INFO: Extracting primitive: ruin1_42
23:08:54 | INFO: Primitives created: 1
23:08:54 | INFO: Extracting primitive: ruin1_43
23:08:54 | INFO: Primitives created: 1
23:08:54 | INFO: Extracting primitive: ruin1_44
23:08:54 | INFO: Primitives created: 1
23:08:54 | INFO: Extracting primitive: ruin1_45
23:08:54 | INFO: Primitives created: 1
23:08:54 | INFO: Extracting primitive: ruin1_46
23:08:54 | INFO: Primitives created: 1
23:08:54 | INFO: Extracting primitive: ruin1_47
23:08:54 | INFO: Primitives created: 1
23:08:54 | INFO: Extracting primitive: ruin1_48
23:08:54 | INFO: Primitives created: 1
23:08:54 | INFO: Extracting primitive: ruin1_49
23:08:54 | INFO: Primitives created: 1
23:08:54 | INFO: Extracting primitive: ruin1_50
23:08:54 | INFO: Primitives created: 1
23:08:54 | INFO: Extracting primitive: ruin1_51
23:08:54 | INFO: Primitives created: 1
23:08:54 | INFO: Extracting primitive: ruin1_52
23:08:54 | INFO: Primitives created: 1
23:08:54 | INFO: Extracting primitive: ruin1_53
23:08:54 | INFO: Primitives created: 1
23:08:54 | INFO: Extracting primitive: ruin1_54
23:08:54 | INFO: Primitives created: 1
23:08:54 | INFO: Extracting primitive: ruin1_55
23:08:54 | INFO: Primitives created: 1
23:08:54 | INFO: Extracting primitive: ruin1_56
23:08:54 | INFO: Primitives created: 1
23:08:54 | INFO: Extracting primitive: ruin1_57
23:08:54 | INFO: Primitives created: 1
23:08:54 | INFO: Extracting primitive: ruin1_58
23:08:54 | INFO: Primitives created: 1
23:08:54 | INFO: Extracting primitive: ruin1_59
23:08:54 | INFO: Primitives created: 1
23:08:54 | INFO: Extracting primitive: ruin1_60
23:08:54 | INFO: Primitives created: 1
23:08:54 | INFO: Extracting primitive: ruin1_61
23:08:54 | INFO: Primitives created: 1
23:08:54 | INFO: Extracting primitive: ruin1_62
23:08:54 | INFO: Primitives created: 1
23:08:54 | INFO: Extracting primitive: ruin1_63
23:08:54 | INFO: Primitives created: 1
23:08:54 | INFO: Extracting primitive: ruin1_64
23:08:54 | INFO: Primitives created: 1
23:08:54 | INFO: Extracting primitive: ruin1_65
23:08:54 | INFO: Primitives created: 1
23:08:54 | INFO: Extracting primitive: ruin1_66
23:08:54 | INFO: Primitives created: 1
23:08:54 | INFO: Extracting primitive: ruin1_67
23:08:54 | INFO: Primitives created: 1
23:08:54 | INFO: Extracting primitive: ruin1_68
23:08:54 | INFO: Primitives created: 1
23:08:54 | INFO: Extracting primitive: ruin1_69
23:08:54 | INFO: Primitives created: 1
23:08:54 | INFO: Extracting primitive: ruin1_70
23:08:54 | INFO: Primitives created: 1
23:08:54 | INFO: Extracting primitive: ruin1_71
23:08:54 | INFO: Primitives created: 1
23:08:54 | INFO: Extracting primitive: ruin1_72
23:08:54 | INFO: Primitives created: 1
23:08:54 | INFO: Extracting primitive: ruin1_73
23:08:54 | INFO: Primitives created: 1
23:08:54 | INFO: Extracting primitive: ruin1_74
23:08:54 | INFO: Primitives created: 1
23:08:54 | INFO: Extracting primitive: ruin1_75
23:08:54 | INFO: Primitives created: 1
23:08:54 | INFO: Extracting primitive: ruin1_76
23:08:54 | INFO: Primitives created: 1
23:08:54 | INFO: Extracting primitive: ruin1_77
23:08:54 | INFO: Primitives created: 1
23:08:54 | INFO: Extracting primitive: ruin1_78
23:08:54 | INFO: Primitives created: 1
23:08:54 | INFO: Extracting primitive: ruin1_79
23:08:54 | INFO: Primitives created: 1
23:08:54 | INFO: Extracting primitive: ruin1_80
23:08:54 | INFO: Primitives created: 1
23:08:54 | INFO: Extracting primitive: ruin1_81
23:08:54 | INFO: Primitives created: 1
23:08:54 | INFO: Extracting primitive: ruin1_82
23:08:54 | INFO: Primitives created: 1
23:08:54 | INFO: Extracting primitive: ruin1_83
23:08:54 | INFO: Primitives created: 1
23:08:54 | INFO: Extracting primitive: ruin1_84
23:08:54 | INFO: Primitives created: 1
23:08:54 | INFO: Extracting primitive: house2_0
23:08:54 | INFO: Primitives created: 1
23:08:54 | INFO: Extracting primitive: house2_1
23:08:54 | INFO: Primitives created: 1
23:08:54 | INFO: Extracting primitive: house2_2
23:08:54 | INFO: Primitives created: 1
23:08:54 | INFO: Extracting primitive: house2_3
23:08:54 | INFO: Primitives created: 1
23:08:54 | INFO: Extracting primitive: house2_4
23:08:54 | INFO: Primitives created: 1
23:08:54 | INFO: Extracting primitive: house2_5
23:08:54 | INFO: Primitives created: 1
23:08:54 | INFO: Extracting primitive: house2_6
23:08:54 | INFO: Primitives created: 1
23:08:54 | INFO: Extracting primitive: house2_7
23:08:54 | INFO: Primitives created: 1
23:08:54 | INFO: Extracting primitive: house2_8
23:08:54 | INFO: Primitives created: 1
23:08:54 | INFO: Extracting primitive: house2_9
23:08:54 | INFO: Primitives created: 1
23:08:54 | INFO: Extracting primitive: house2_10
23:08:54 | INFO: Primitives created: 1
23:08:54 | INFO: Extracting primitive: house2_11
23:08:54 | INFO: Primitives created: 1
23:08:54 | INFO: Extracting primitive: house2_12
23:08:54 | INFO: Primitives created: 1
23:08:54 | INFO: Extracting primitive: house2_13
23:08:54 | INFO: Primitives created: 1
23:08:54 | INFO: Extracting primitive: house2_14
23:08:54 | INFO: Primitives created: 1
23:08:54 | INFO: Extracting primitive: house2_15
23:08:54 | INFO: Primitives created: 1
23:08:54 | INFO: Extracting primitive: house2_16
23:08:54 | INFO: Primitives created: 1
23:08:54 | INFO: Extracting primitive: house2_17
23:08:54 | INFO: Primitives created: 1
23:08:54 | INFO: Extracting primitive: house2_18
23:08:54 | INFO: Primitives created: 1
23:08:54 | INFO: Extracting primitive: house2_19
23:08:54 | INFO: Primitives created: 1
23:08:54 | INFO: Extracting primitive: house2_20
23:08:54 | INFO: Primitives created: 1
23:08:54 | INFO: Extracting primitive: house2_21
23:08:54 | INFO: Primitives created: 1
23:08:54 | INFO: Extracting primitive: house2_22
23:08:54 | INFO: Primitives created: 1
23:08:54 | INFO: Extracting primitive: house2_23
23:08:54 | INFO: Primitives created: 1
23:08:54 | INFO: Extracting primitive: house2_24
23:08:54 | INFO: Primitives created: 1
23:08:54 | INFO: Extracting primitive: house2_25
23:08:54 | INFO: Primitives created: 1
23:08:54 | INFO: Extracting primitive: house2_26
23:08:54 | INFO: Primitives created: 1
23:08:54 | INFO: Extracting primitive: house2_27
23:08:54 | INFO: Primitives created: 1
23:08:54 | INFO: Extracting primitive: house2_28
23:08:54 | INFO: Primitives created: 1
23:08:54 | INFO: Extracting primitive: house2_29
23:08:54 | INFO: Primitives created: 1
23:08:54 | INFO: Extracting primitive: house2_30
23:08:54 | INFO: Primitives created: 1
23:08:54 | INFO: Extracting primitive: house2_31
23:08:54 | INFO: Primitives created: 1
23:08:54 | INFO: Extracting primitive: house2_32
23:08:54 | INFO: Primitives created: 1
23:08:54 | INFO: Extracting primitive: house2_33
23:08:54 | INFO: Primitives created: 1
23:08:54 | INFO: Extracting primitive: house2_34
23:08:54 | INFO: Primitives created: 1
23:08:54 | INFO: Extracting primitive: house2_35
23:08:54 | INFO: Primitives created: 1
23:08:54 | INFO: Extracting primitive: house2_36
23:08:54 | INFO: Primitives created: 1
23:08:54 | INFO: Extracting primitive: house2_37
23:08:54 | INFO: Primitives created: 1
23:08:54 | INFO: Extracting primitive: house2_38
23:08:54 | INFO: Primitives created: 1
23:08:54 | INFO: Extracting primitive: house2_39
23:08:54 | INFO: Primitives created: 1
23:08:54 | INFO: Extracting primitive: house2_40
23:08:54 | INFO: Primitives created: 1
23:08:54 | INFO: Extracting primitive: house2_41
23:08:54 | INFO: Primitives created: 1
23:08:54 | INFO: Extracting primitive: house2_42
23:08:54 | INFO: Primitives created: 1
23:08:54 | INFO: Extracting primitive: house2_43
23:08:54 | INFO: Primitives created: 1
23:08:54 | INFO: Extracting primitive: house2_44
23:08:54 | INFO: Primitives created: 1
23:08:54 | INFO: Extracting primitive: house2_45
23:08:54 | INFO: Primitives created: 1
23:08:54 | INFO: Extracting primitive: house2_46
23:08:54 | INFO: Primitives created: 1
23:08:54 | INFO: Extracting primitive: house2_47
23:08:54 | INFO: Primitives created: 1
23:08:54 | INFO: Extracting primitive: house2_48
23:08:54 | INFO: Primitives created: 1
23:08:54 | INFO: Extracting primitive: house2_49
23:08:54 | INFO: Primitives created: 1
23:08:54 | INFO: Extracting primitive: house2_50
23:08:54 | INFO: Primitives created: 1
23:08:54 | INFO: Extracting primitive: house2_51
23:08:54 | INFO: Primitives created: 1
23:08:54 | INFO: Extracting primitive: house2_52
23:08:54 | INFO: Primitives created: 1
23:08:54 | INFO: Extracting primitive: house2_53
23:08:54 | INFO: Primitives created: 1
23:08:54 | INFO: Extracting primitive: house2_54
23:08:54 | INFO: Primitives created: 1
23:08:54 | INFO: Extracting primitive: house2_55
23:08:54 | INFO: Primitives created: 1
23:08:54 | INFO: Extracting primitive: house2_56
23:08:54 | INFO: Primitives created: 1
23:08:54 | INFO: Extracting primitive: house2_57
23:08:54 | INFO: Primitives created: 1
23:08:54 | INFO: Extracting primitive: house2_58
23:08:54 | INFO: Primitives created: 1
23:08:54 | INFO: Extracting primitive: house2_59
23:08:54 | INFO: Primitives created: 1
23:08:54 | INFO: Extracting primitive: house2_60
23:08:54 | INFO: Primitives created: 1
23:08:54 | INFO: Extracting primitive: house2_61
23:08:54 | INFO: Primitives created: 1
23:08:54 | INFO: Extracting primitive: house2_62
23:08:54 | INFO: Primitives created: 1
23:08:54 | INFO: Extracting primitive: house2_63
23:08:54 | INFO: Primitives created: 1
23:08:54 | INFO: Extracting primitive: house2_64
23:08:54 | INFO: Primitives created: 1
23:08:54 | INFO: Extracting primitive: house2_65
23:08:54 | INFO: Primitives created: 1
23:08:54 | INFO: Extracting primitive: house2_66
23:08:54 | INFO: Primitives created: 1
23:08:54 | INFO: Extracting primitive: house2_67
23:08:54 | INFO: Primitives created: 1
23:08:54 | INFO: Extracting primitive: house2_68
23:08:54 | INFO: Primitives created: 1
23:08:54 | INFO: Extracting primitive: house2_69
23:08:54 | INFO: Primitives created: 1
23:08:54 | INFO: Extracting primitive: house2_70
23:08:54 | INFO: Primitives created: 1
23:08:54 | INFO: Extracting primitive: house2_71
23:08:54 | INFO: Primitives created: 1
23:08:54 | INFO: Extracting primitive: house2_72
23:08:54 | INFO: Primitives created: 1
23:08:54 | INFO: Extracting primitive: house2_73
23:08:54 | INFO: Primitives created: 1
23:08:54 | INFO: Extracting primitive: house2_74
23:08:54 | INFO: Primitives created: 1
23:08:54 | INFO: Extracting primitive: house2_75
23:08:54 | INFO: Primitives created: 1
23:08:54 | INFO: Extracting primitive: house2_76
23:08:54 | INFO: Primitives created: 1
23:08:54 | INFO: Extracting primitive: house2_77
23:08:54 | INFO: Primitives created: 1
23:08:54 | INFO: Extracting primitive: house2_78
23:08:54 | INFO: Primitives created: 1
23:08:54 | INFO: Extracting primitive: house2_79
23:08:54 | INFO: Primitives created: 1
23:08:54 | INFO: Extracting primitive: house2_80
23:08:54 | INFO: Primitives created: 1
23:08:54 | INFO: Extracting primitive: house2_81
23:08:54 | INFO: Primitives created: 1
23:08:54 | INFO: Extracting primitive: house2_82
23:08:54 | INFO: Primitives created: 1
23:08:54 | INFO: Extracting primitive: house2_83
23:08:54 | INFO: Primitives created: 1
23:08:54 | INFO: Extracting primitive: house2_84
23:08:54 | INFO: Primitives created: 1
23:08:54 | INFO: Extracting primitive: house2_85
23:08:54 | INFO: Primitives created: 1
23:08:54 | INFO: Extracting primitive: house2_86
23:08:54 | INFO: Primitives created: 1
23:08:54 | INFO: Extracting primitive: house2_87
23:08:54 | INFO: Primitives created: 1
23:08:54 | INFO: Extracting primitive: house2_88
23:08:54 | INFO: Primitives created: 1
23:08:54 | INFO: Extracting primitive: house2_89
23:08:54 | INFO: Primitives created: 1
23:08:54 | INFO: Extracting primitive: house2_90
23:08:54 | INFO: Primitives created: 1
23:08:54 | INFO: Extracting primitive: house2_91
23:08:54 | INFO: Primitives created: 1
23:08:54 | INFO: Extracting primitive: house2_92
23:08:54 | INFO: Primitives created: 1
23:08:54 | INFO: Extracting primitive: house2_93
23:08:54 | INFO: Primitives created: 1
23:08:54 | INFO: Extracting primitive: house2_94
23:08:54 | INFO: Primitives created: 1
23:08:54 | INFO: Extracting primitive: house2_95
23:08:54 | INFO: Primitives created: 1
23:08:54 | INFO: Extracting primitive: house2_96
23:08:54 | INFO: Primitives created: 1
23:08:54 | INFO: Extracting primitive: house2_97
23:08:54 | INFO: Primitives created: 1
23:08:54 | INFO: Extracting primitive: house2_98
23:08:54 | INFO: Primitives created: 1
23:08:54 | INFO: Extracting primitive: house2_99
23:08:54 | INFO: Primitives created: 1
23:08:54 | INFO: Extracting primitive: house2_100
23:08:54 | INFO: Primitives created: 1
23:08:54 | INFO: Extracting primitive: house2_101
23:08:54 | INFO: Primitives created: 1
23:08:54 | INFO: Extracting primitive: house2_102
23:08:54 | INFO: Primitives created: 1
23:08:54 | INFO: Extracting primitive: house2_103
23:08:54 | INFO: Primitives created: 1
23:08:54 | INFO: Extracting primitive: house2_104
23:08:54 | INFO: Primitives created: 1
23:08:54 | INFO: Extracting primitive: house2_105
23:08:54 | INFO: Primitives created: 1
23:08:54 | INFO: Extracting primitive: house2_106
23:08:54 | INFO: Primitives created: 1
23:08:54 | INFO: Extracting primitive: house2_107
23:08:54 | INFO: Primitives created: 1
23:08:54 | INFO: Extracting primitive: house2_108
23:08:54 | INFO: Primitives created: 1
23:08:54 | INFO: Extracting primitive: house2_109
23:08:54 | INFO: Primitives created: 1
23:08:54 | INFO: Extracting primitive: house2_110
23:08:54 | INFO: Primitives created: 1
23:08:54 | INFO: Extracting primitive: house2_111
23:08:54 | INFO: Primitives created: 1
23:08:54 | INFO: Extracting primitive: house2_112
23:08:54 | INFO: Primitives created: 1
23:08:54 | INFO: Extracting primitive: house2_113
23:08:54 | INFO: Primitives created: 1
23:08:54 | INFO: Extracting primitive: house2_114
23:08:54 | INFO: Primitives created: 1
23:08:54 | INFO: Extracting primitive: house2_115
23:08:54 | INFO: Primitives created: 1
23:08:54 | INFO: Extracting primitive: house2_116
23:08:54 | INFO: Primitives created: 1
23:08:54 | INFO: Extracting primitive: house2_117
23:08:54 | INFO: Primitives created: 1
23:08:54 | INFO: Extracting primitive: house2_118
23:08:54 | INFO: Primitives created: 1
23:08:54 | INFO: Extracting primitive: house2_119
23:08:54 | INFO: Primitives created: 1
23:08:54 | INFO: Extracting primitive: house2_120
23:08:54 | INFO: Primitives created: 1
23:08:54 | INFO: Extracting primitive: house2_121
23:08:54 | INFO: Primitives created: 1
23:08:54 | INFO: Extracting primitive: house2_122
23:08:54 | INFO: Primitives created: 1
23:08:54 | INFO: Extracting primitive: house2_123
23:08:54 | INFO: Primitives created: 1
23:08:54 | INFO: Extracting primitive: house2_124
23:08:54 | INFO: Primitives created: 1
23:08:54 | INFO: Extracting primitive: house2_125
23:08:54 | INFO: Primitives created: 1
23:08:54 | INFO: Extracting primitive: house2_126
23:08:54 | INFO: Primitives created: 1
23:08:54 | INFO: Extracting primitive: house2_127
23:08:54 | INFO: Primitives created: 1
23:08:54 | INFO: Extracting primitive: house2_128
23:08:54 | INFO: Primitives created: 1
23:08:54 | INFO: Extracting primitive: house2_129
23:08:54 | INFO: Primitives created: 1
23:08:54 | INFO: Extracting primitive: house2_130
23:08:54 | INFO: Primitives created: 1
23:08:54 | INFO: Extracting primitive: house2_131
23:08:54 | INFO: Primitives created: 1
23:08:54 | INFO: Extracting primitive: house2_132
23:08:54 | INFO: Primitives created: 1
23:08:54 | INFO: Extracting primitive: house2_133
23:08:54 | INFO: Primitives created: 1
23:08:54 | INFO: Extracting primitive: house2_134
23:08:54 | INFO: Primitives created: 1
23:08:54 | INFO: Extracting primitive: ruin2_0
23:08:54 | INFO: Primitives created: 1
23:08:54 | INFO: Extracting primitive: ruin2_1
23:08:54 | INFO: Primitives created: 1
23:08:54 | INFO: Extracting primitive: ruin2_2
23:08:54 | INFO: Primitives created: 1
23:08:54 | INFO: Extracting primitive: ruin2_3
23:08:54 | INFO: Primitives created: 1
23:08:54 | INFO: Extracting primitive: ruin2_4
23:08:54 | INFO: Primitives created: 1
23:08:54 | INFO: Extracting primitive: ruin2_5
23:08:54 | INFO: Primitives created: 1
23:08:54 | INFO: Extracting primitive: ruin2_6
23:08:54 | INFO: Primitives created: 1
23:08:54 | INFO: Extracting primitive: ruin2_7
23:08:54 | INFO: Primitives created: 1
23:08:54 | INFO: Extracting primitive: ruin2_8
23:08:54 | INFO: Primitives created: 1
23:08:54 | INFO: Extracting primitive: ruin2_9
23:08:54 | INFO: Primitives created: 1
23:08:54 | INFO: Extracting primitive: ruin2_10
23:08:54 | INFO: Primitives created: 1
23:08:54 | INFO: Extracting primitive: ruin2_11
23:08:54 | INFO: Primitives created: 1
23:08:54 | INFO: Extracting primitive: ruin2_12
23:08:54 | INFO: Primitives created: 1
23:08:54 | INFO: Extracting primitive: ruin2_13
23:08:54 | INFO: Primitives created: 1
23:08:54 | INFO: Extracting primitive: ruin2_14
23:08:54 | INFO: Primitives created: 1
23:08:54 | INFO: Extracting primitive: ruin2_15
23:08:54 | INFO: Primitives created: 1
23:08:54 | INFO: Extracting primitive: ruin2_16
23:08:54 | INFO: Primitives created: 1
23:08:54 | INFO: Extracting primitive: ruin2_17
23:08:54 | INFO: Primitives created: 1
23:08:54 | INFO: Extracting primitive: ruin2_18
23:08:54 | INFO: Primitives created: 1
23:08:54 | INFO: Extracting primitive: ruin2_19
23:08:54 | INFO: Primitives created: 1
23:08:54 | INFO: Extracting primitive: ruin2_20
23:08:54 | INFO: Primitives created: 1
23:08:54 | INFO: Extracting primitive: ruin2_21
23:08:54 | INFO: Primitives created: 1
23:08:54 | INFO: Extracting primitive: ruin2_22
23:08:54 | INFO: Primitives created: 1
23:08:54 | INFO: Extracting primitive: ruin2_23
23:08:54 | INFO: Primitives created: 1
23:08:54 | INFO: Extracting primitive: ruin2_24
23:08:54 | INFO: Primitives created: 1
23:08:54 | INFO: Extracting primitive: ruin2_25
23:08:54 | INFO: Primitives created: 1
23:08:54 | INFO: Extracting primitive: ruin2_26
23:08:54 | INFO: Primitives created: 1
23:08:54 | INFO: Extracting primitive: ruin2_27
23:08:54 | INFO: Primitives created: 1
23:08:54 | INFO: Extracting primitive: ruin2_28
23:08:54 | INFO: Primitives created: 1
23:08:54 | INFO: Extracting primitive: ruin2_29
23:08:54 | INFO: Primitives created: 1
23:08:54 | INFO: Extracting primitive: ruin2_30
23:08:54 | INFO: Primitives created: 1
23:08:54 | INFO: Extracting primitive: ruin2_31
23:08:54 | INFO: Primitives created: 1
23:08:54 | INFO: Extracting primitive: ruin2_32
23:08:54 | INFO: Primitives created: 1
23:08:54 | INFO: Extracting primitive: ruin2_33
23:08:54 | INFO: Primitives created: 1
23:08:54 | INFO: Extracting primitive: ruin2_34
23:08:54 | INFO: Primitives created: 1
23:08:54 | INFO: Extracting primitive: ruin2_35
23:08:54 | INFO: Primitives created: 1
23:08:54 | INFO: Extracting primitive: ruin2_36
23:08:54 | INFO: Primitives created: 1
23:08:54 | INFO: Extracting primitive: ruin2_37
23:08:54 | INFO: Primitives created: 1
23:08:54 | INFO: Extracting primitive: ruin2_38
23:08:54 | INFO: Primitives created: 1
23:08:54 | INFO: Extracting primitive: ruin2_39
23:08:54 | INFO: Primitives created: 1
23:08:54 | INFO: Extracting primitive: ruin2_40
23:08:54 | INFO: Primitives created: 1
23:08:54 | INFO: Extracting primitive: ruin2_41
23:08:54 | INFO: Primitives created: 1
23:08:54 | INFO: Extracting primitive: ruin2_42
23:08:54 | INFO: Primitives created: 1
23:08:54 | INFO: Extracting primitive: ruin2_43
23:08:54 | INFO: Primitives created: 1
23:08:54 | INFO: Extracting primitive: ruin2_44
23:08:54 | INFO: Primitives created: 1
23:08:54 | INFO: Extracting primitive: ruin2_45
23:08:54 | INFO: Primitives created: 1
23:08:54 | INFO: Extracting primitive: ruin2_46
23:08:54 | INFO: Primitives created: 1
23:08:54 | INFO: Extracting primitive: ruin2_47
23:08:54 | INFO: Primitives created: 1
23:08:54 | INFO: Extracting primitive: ruin2_48
23:08:54 | INFO: Primitives created: 1
23:08:54 | INFO: Extracting primitive: ruin2_49
23:08:54 | INFO: Primitives created: 1
23:08:54 | INFO: Extracting primitive: ruin2_50
23:08:54 | INFO: Primitives created: 1
23:08:54 | INFO: Extracting primitive: ruin2_51
23:08:54 | INFO: Primitives created: 1
23:08:54 | INFO: Extracting primitive: ruin2_52
23:08:54 | INFO: Primitives created: 1
23:08:54 | INFO: Extracting primitive: ruin2_53
23:08:54 | INFO: Primitives created: 1
23:08:54 | INFO: Extracting primitive: ruin2_54
23:08:54 | INFO: Primitives created: 1
23:08:54 | INFO: Extracting primitive: ruin2_55
23:08:54 | INFO: Primitives created: 1
23:08:54 | INFO: Extracting primitive: ruin2_56
23:08:54 | INFO: Primitives created: 1
23:08:54 | INFO: Extracting primitive: ruin2_57
23:08:54 | INFO: Primitives created: 1
23:08:54 | INFO: Extracting primitive: ruin2_58
23:08:54 | INFO: Primitives created: 1
23:08:54 | INFO: Extracting primitive: ruin2_59
23:08:54 | INFO: Primitives created: 1
23:08:54 | INFO: Extracting primitive: ruin2_60
23:08:54 | INFO: Primitives created: 1
23:08:54 | INFO: Extracting primitive: ruin2_61
23:08:54 | INFO: Primitives created: 1
23:08:54 | INFO: Extracting primitive: ruin2_62
23:08:54 | INFO: Primitives created: 1
23:08:54 | INFO: Extracting primitive: ruin2_63
23:08:54 | INFO: Primitives created: 1
23:08:54 | INFO: Extracting primitive: ruin2_64
23:08:54 | INFO: Primitives created: 1
23:08:54 | INFO: Extracting primitive: ruin2_65
23:08:54 | INFO: Primitives created: 1
23:08:54 | INFO: Extracting primitive: ruin2_66
23:08:54 | INFO: Primitives created: 1
23:08:54 | INFO: Extracting primitive: ruin2_67
23:08:54 | INFO: Primitives created: 1
23:08:54 | INFO: Extracting primitive: ruin2_68
23:08:54 | INFO: Primitives created: 1
23:08:54 | INFO: Extracting primitive: ruin2_69
23:08:54 | INFO: Primitives created: 1
23:08:54 | INFO: Extracting primitive: ruin2_70
23:08:54 | INFO: Primitives created: 1
23:08:54 | INFO: Extracting primitive: ruin2_71
23:08:54 | INFO: Primitives created: 1
23:08:54 | INFO: Extracting primitive: ruin2_72
23:08:54 | INFO: Primitives created: 1
23:08:54 | INFO: Extracting primitive: ruin2_73
23:08:54 | INFO: Primitives created: 1
23:08:54 | INFO: Extracting primitive: ruin2_74
23:08:54 | INFO: Primitives created: 1
23:08:54 | INFO: Extracting primitive: ruin2_75
23:08:54 | INFO: Primitives created: 1
23:08:54 | INFO: Extracting primitive: ruin2_76
23:08:54 | INFO: Primitives created: 1
23:08:54 | INFO: Extracting primitive: ruin2_77
23:08:54 | INFO: Primitives created: 1
23:08:54 | INFO: Extracting primitive: ruin2_78
23:08:54 | INFO: Primitives created: 1
23:08:54 | INFO: Extracting primitive: ruin2_79
23:08:54 | INFO: Primitives created: 1
23:08:54 | INFO: Extracting primitive: ruin2_80
23:08:54 | INFO: Primitives created: 1
23:08:54 | INFO: Extracting primitive: ruin2_81
23:08:54 | INFO: Primitives created: 1
23:08:54 | INFO: Extracting primitive: ruin2_82
23:08:54 | INFO: Primitives created: 1
23:08:54 | INFO: Extracting primitive: ruin2_83
23:08:54 | INFO: Primitives created: 1
23:08:54 | INFO: Extracting primitive: ruin2_84
23:08:54 | INFO: Primitives created: 1
23:08:54 | INFO: Extracting primitive: house3_0
23:08:54 | INFO: Primitives created: 1
23:08:54 | INFO: Extracting primitive: house3_1
23:08:54 | INFO: Primitives created: 1
23:08:54 | INFO: Extracting primitive: house3_2
23:08:54 | INFO: Primitives created: 1
23:08:54 | INFO: Extracting primitive: house3_3
23:08:54 | INFO: Primitives created: 1
23:08:54 | INFO: Extracting primitive: house3_4
23:08:54 | INFO: Primitives created: 1
23:08:54 | INFO: Extracting primitive: house3_5
23:08:54 | INFO: Primitives created: 1
23:08:54 | INFO: Extracting primitive: house3_6
23:08:54 | INFO: Primitives created: 1
23:08:54 | INFO: Extracting primitive: house3_7
23:08:54 | INFO: Primitives created: 1
23:08:54 | INFO: Extracting primitive: house3_8
23:08:54 | INFO: Primitives created: 1
23:08:54 | INFO: Extracting primitive: house3_9
23:08:54 | INFO: Primitives created: 1
23:08:54 | INFO: Extracting primitive: house3_10
23:08:54 | INFO: Primitives created: 1
23:08:54 | INFO: Extracting primitive: house3_11
23:08:54 | INFO: Primitives created: 1
23:08:54 | INFO: Extracting primitive: house3_12
23:08:54 | INFO: Primitives created: 1
23:08:54 | INFO: Extracting primitive: house3_13
23:08:54 | INFO: Primitives created: 1
23:08:54 | INFO: Extracting primitive: house3_14
23:08:54 | INFO: Primitives created: 1
23:08:54 | INFO: Extracting primitive: house3_15
23:08:54 | INFO: Primitives created: 1
23:08:54 | INFO: Extracting primitive: house3_16
23:08:54 | INFO: Primitives created: 1
23:08:54 | INFO: Extracting primitive: house3_17
23:08:54 | INFO: Primitives created: 1
23:08:54 | INFO: Extracting primitive: house3_18
23:08:54 | INFO: Primitives created: 1
23:08:54 | INFO: Extracting primitive: house3_19
23:08:54 | INFO: Primitives created: 1
23:08:54 | INFO: Extracting primitive: house3_20
23:08:54 | INFO: Primitives created: 1
23:08:54 | INFO: Extracting primitive: house3_21
23:08:54 | INFO: Primitives created: 1
23:08:54 | INFO: Extracting primitive: house3_22
23:08:54 | INFO: Primitives created: 1
23:08:54 | INFO: Extracting primitive: house3_23
23:08:54 | INFO: Primitives created: 1
23:08:54 | INFO: Extracting primitive: house3_24
23:08:54 | INFO: Primitives created: 1
23:08:54 | INFO: Extracting primitive: house3_25
23:08:54 | INFO: Primitives created: 1
23:08:54 | INFO: Extracting primitive: house3_26
23:08:54 | INFO: Primitives created: 1
23:08:54 | INFO: Extracting primitive: house3_27
23:08:54 | INFO: Primitives created: 1
23:08:54 | INFO: Extracting primitive: house3_28
23:08:54 | INFO: Primitives created: 1
23:08:54 | INFO: Extracting primitive: house3_29
23:08:54 | INFO: Primitives created: 1
23:08:54 | INFO: Extracting primitive: house3_30
23:08:54 | INFO: Primitives created: 1
23:08:54 | INFO: Extracting primitive: house3_31
23:08:54 | INFO: Primitives created: 1
23:08:54 | INFO: Extracting primitive: house3_32
23:08:54 | INFO: Primitives created: 1
23:08:54 | INFO: Extracting primitive: house3_33
23:08:54 | INFO: Primitives created: 1
23:08:54 | INFO: Extracting primitive: house3_34
23:08:54 | INFO: Primitives created: 1
23:08:54 | INFO: Extracting primitive: house3_35
23:08:54 | INFO: Primitives created: 1
23:08:54 | INFO: Extracting primitive: house3_36
23:08:54 | INFO: Primitives created: 1
23:08:54 | INFO: Extracting primitive: house3_37
23:08:54 | INFO: Primitives created: 1
23:08:54 | INFO: Extracting primitive: house3_38
23:08:54 | INFO: Primitives created: 1
23:08:54 | INFO: Extracting primitive: house3_39
23:08:54 | INFO: Primitives created: 1
23:08:54 | INFO: Extracting primitive: house3_40
23:08:54 | INFO: Primitives created: 1
23:08:54 | INFO: Extracting primitive: house3_41
23:08:54 | INFO: Primitives created: 1
23:08:54 | INFO: Extracting primitive: house3_42
23:08:54 | INFO: Primitives created: 1
23:08:54 | INFO: Extracting primitive: house3_43
23:08:54 | INFO: Primitives created: 1
23:08:54 | INFO: Extracting primitive: house3_44
23:08:54 | INFO: Primitives created: 1
23:08:54 | INFO: Extracting primitive: house3_45
23:08:54 | INFO: Primitives created: 1
23:08:54 | INFO: Extracting primitive: house3_46
23:08:54 | INFO: Primitives created: 1
23:08:54 | INFO: Extracting primitive: house3_47
23:08:54 | INFO: Primitives created: 1
23:08:54 | INFO: Extracting primitive: house3_48
23:08:54 | INFO: Primitives created: 1
23:08:54 | INFO: Extracting primitive: house3_49
23:08:54 | INFO: Primitives created: 1
23:08:54 | INFO: Extracting primitive: house3_50
23:08:54 | INFO: Primitives created: 1
23:08:54 | INFO: Extracting primitive: house3_51
23:08:54 | INFO: Primitives created: 1
23:08:54 | INFO: Extracting primitive: house3_52
23:08:54 | INFO: Primitives created: 1
23:08:54 | INFO: Extracting primitive: house3_53
23:08:54 | INFO: Primitives created: 1
23:08:54 | INFO: Extracting primitive: house3_54
23:08:54 | INFO: Primitives created: 1
23:08:54 | INFO: Extracting primitive: house3_55
23:08:54 | INFO: Primitives created: 1
23:08:54 | INFO: Extracting primitive: house3_56
23:08:54 | INFO: Primitives created: 1
23:08:54 | INFO: Extracting primitive: house3_57
23:08:54 | INFO: Primitives created: 1
23:08:54 | INFO: Extracting primitive: house3_58
23:08:54 | INFO: Primitives created: 1
23:08:54 | INFO: Extracting primitive: house3_59
23:08:54 | INFO: Primitives created: 1
23:08:54 | INFO: Extracting primitive: house3_60
23:08:54 | INFO: Primitives created: 1
23:08:54 | INFO: Extracting primitive: house3_61
23:08:54 | INFO: Primitives created: 1
23:08:54 | INFO: Extracting primitive: house3_62
23:08:54 | INFO: Primitives created: 1
23:08:54 | INFO: Extracting primitive: house3_63
23:08:54 | INFO: Primitives created: 1
23:08:54 | INFO: Extracting primitive: house3_64
23:08:54 | INFO: Primitives created: 1
23:08:54 | INFO: Extracting primitive: house3_65
23:08:54 | INFO: Primitives created: 1
23:08:54 | INFO: Extracting primitive: house3_66
23:08:54 | INFO: Primitives created: 1
23:08:54 | INFO: Extracting primitive: house3_67
23:08:54 | INFO: Primitives created: 1
23:08:54 | INFO: Extracting primitive: house3_68
23:08:54 | INFO: Primitives created: 1
23:08:54 | INFO: Extracting primitive: house3_69
23:08:54 | INFO: Primitives created: 1
23:08:54 | INFO: Extracting primitive: house3_70
23:08:54 | INFO: Primitives created: 1
23:08:54 | INFO: Extracting primitive: house3_71
23:08:54 | INFO: Primitives created: 1
23:08:54 | INFO: Extracting primitive: house3_72
23:08:54 | INFO: Primitives created: 1
23:08:54 | INFO: Extracting primitive: house3_73
23:08:54 | INFO: Primitives created: 1
23:08:54 | INFO: Extracting primitive: house3_74
23:08:54 | INFO: Primitives created: 1
23:08:54 | INFO: Extracting primitive: house3_75
23:08:54 | INFO: Primitives created: 1
23:08:54 | INFO: Extracting primitive: house3_76
23:08:54 | INFO: Primitives created: 1
23:08:54 | INFO: Extracting primitive: house3_77
23:08:54 | INFO: Primitives created: 1
23:08:54 | INFO: Extracting primitive: house3_78
23:08:54 | INFO: Primitives created: 1
23:08:54 | INFO: Extracting primitive: house3_79
23:08:54 | INFO: Primitives created: 1
23:08:54 | INFO: Extracting primitive: house3_80
23:08:54 | INFO: Primitives created: 1
23:08:54 | INFO: Extracting primitive: house3_81
23:08:54 | INFO: Primitives created: 1
23:08:54 | INFO: Extracting primitive: house3_82
23:08:54 | INFO: Primitives created: 1
23:08:54 | INFO: Extracting primitive: house3_83
23:08:54 | INFO: Primitives created: 1
23:08:54 | INFO: Extracting primitive: house3_84
23:08:54 | INFO: Primitives created: 1
23:08:54 | INFO: Extracting primitive: house3_85
23:08:54 | INFO: Primitives created: 1
23:08:54 | INFO: Extracting primitive: house3_86
23:08:54 | INFO: Primitives created: 1
23:08:54 | INFO: Extracting primitive: house3_87
23:08:54 | INFO: Primitives created: 1
23:08:54 | INFO: Extracting primitive: house3_88
23:08:54 | INFO: Primitives created: 1
23:08:54 | INFO: Extracting primitive: house3_89
23:08:54 | INFO: Primitives created: 1
23:08:54 | INFO: Extracting primitive: house3_90
23:08:54 | INFO: Primitives created: 1
23:08:54 | INFO: Extracting primitive: house3_91
23:08:54 | INFO: Primitives created: 1
23:08:54 | INFO: Extracting primitive: house3_92
23:08:54 | INFO: Primitives created: 1
23:08:54 | INFO: Extracting primitive: house3_93
23:08:54 | INFO: Primitives created: 1
23:08:54 | INFO: Extracting primitive: house3_94
23:08:54 | INFO: Primitives created: 1
23:08:54 | INFO: Extracting primitive: house3_95
23:08:54 | INFO: Primitives created: 1
23:08:54 | INFO: Extracting primitive: house3_96
23:08:54 | INFO: Primitives created: 1
23:08:54 | INFO: Extracting primitive: house3_97
23:08:54 | INFO: Primitives created: 1
23:08:54 | INFO: Extracting primitive: house3_98
23:08:54 | INFO: Primitives created: 1
23:08:54 | INFO: Extracting primitive: house3_99
23:08:54 | INFO: Primitives created: 1
23:08:54 | INFO: Extracting primitive: house3_100
23:08:54 | INFO: Primitives created: 1
23:08:54 | INFO: Extracting primitive: house3_101
23:08:54 | INFO: Primitives created: 1
23:08:54 | INFO: Extracting primitive: house3_102
23:08:54 | INFO: Primitives created: 1
23:08:54 | INFO: Extracting primitive: house3_103
23:08:54 | INFO: Primitives created: 1
23:08:54 | INFO: Extracting primitive: house3_104
23:08:54 | INFO: Primitives created: 1
23:08:54 | INFO: Extracting primitive: house3_105
23:08:54 | INFO: Primitives created: 1
23:08:54 | INFO: Extracting primitive: house3_106
23:08:54 | INFO: Primitives created: 1
23:08:54 | INFO: Extracting primitive: house3_107
23:08:54 | INFO: Primitives created: 1
23:08:54 | INFO: Extracting primitive: house3_108
23:08:54 | INFO: Primitives created: 1
23:08:54 | INFO: Extracting primitive: house3_109
23:08:54 | INFO: Primitives created: 1
23:08:54 | INFO: Extracting primitive: house3_110
23:08:54 | INFO: Primitives created: 1
23:08:54 | INFO: Extracting primitive: house3_111
23:08:54 | INFO: Primitives created: 1
23:08:54 | INFO: Extracting primitive: house3_112
23:08:54 | INFO: Primitives created: 1
23:08:54 | INFO: Extracting primitive: house3_113
23:08:54 | INFO: Primitives created: 1
23:08:54 | INFO: Extracting primitive: house3_114
23:08:54 | INFO: Primitives created: 1
23:08:54 | INFO: Extracting primitive: house3_115
23:08:54 | INFO: Primitives created: 1
23:08:54 | INFO: Extracting primitive: house3_116
23:08:54 | INFO: Primitives created: 1
23:08:54 | INFO: Extracting primitive: house3_117
23:08:54 | INFO: Primitives created: 1
23:08:54 | INFO: Extracting primitive: ruin3_0
23:08:54 | INFO: Primitives created: 1
23:08:54 | INFO: Extracting primitive: ruin3_1
23:08:54 | INFO: Primitives created: 1
23:08:54 | INFO: Extracting primitive: ruin3_2
23:08:54 | INFO: Primitives created: 1
23:08:54 | INFO: Extracting primitive: ruin3_3
23:08:54 | INFO: Primitives created: 1
23:08:54 | INFO: Extracting primitive: ruin3_4
23:08:54 | INFO: Primitives created: 1
23:08:54 | INFO: Extracting primitive: ruin3_5
23:08:54 | INFO: Primitives created: 1
23:08:54 | INFO: Extracting primitive: ruin3_6
23:08:54 | INFO: Primitives created: 1
23:08:54 | INFO: Extracting primitive: ruin3_7
23:08:54 | INFO: Primitives created: 1
23:08:54 | INFO: Extracting primitive: ruin3_8
23:08:54 | INFO: Primitives created: 1
23:08:54 | INFO: Extracting primitive: ruin3_9
23:08:54 | INFO: Primitives created: 1
23:08:54 | INFO: Extracting primitive: ruin3_10
23:08:54 | INFO: Primitives created: 1
23:08:54 | INFO: Extracting primitive: ruin3_11
23:08:54 | INFO: Primitives created: 1
23:08:54 | INFO: Extracting primitive: ruin3_12
23:08:54 | INFO: Primitives created: 1
23:08:54 | INFO: Extracting primitive: ruin3_13
23:08:54 | INFO: Primitives created: 1
23:08:54 | INFO: Extracting primitive: ruin3_14
23:08:54 | INFO: Primitives created: 1
23:08:54 | INFO: Extracting primitive: ruin3_15
23:08:54 | INFO: Primitives created: 1
23:08:54 | INFO: Extracting primitive: ruin3_16
23:08:54 | INFO: Primitives created: 1
23:08:54 | INFO: Extracting primitive: ruin3_17
23:08:54 | INFO: Primitives created: 1
23:08:54 | INFO: Extracting primitive: ruin3_18
23:08:54 | INFO: Primitives created: 1
23:08:54 | INFO: Extracting primitive: ruin3_19
23:08:54 | INFO: Primitives created: 1
23:08:54 | INFO: Extracting primitive: ruin3_20
23:08:54 | INFO: Primitives created: 1
23:08:54 | INFO: Extracting primitive: ruin3_21
23:08:54 | INFO: Primitives created: 1
23:08:54 | INFO: Extracting primitive: ruin3_22
23:08:54 | INFO: Primitives created: 1
23:08:54 | INFO: Extracting primitive: ruin3_23
23:08:54 | INFO: Primitives created: 1
23:08:54 | INFO: Extracting primitive: ruin3_24
23:08:54 | INFO: Primitives created: 1
23:08:54 | INFO: Extracting primitive: ruin3_25
23:08:54 | INFO: Primitives created: 1
23:08:54 | INFO: Extracting primitive: ruin3_26
23:08:54 | INFO: Primitives created: 1
23:08:54 | INFO: Extracting primitive: ruin3_27
23:08:54 | INFO: Primitives created: 1
23:08:54 | INFO: Extracting primitive: ruin3_28
23:08:54 | INFO: Primitives created: 1
23:08:54 | INFO: Extracting primitive: ruin3_29
23:08:54 | INFO: Primitives created: 1
23:08:54 | INFO: Extracting primitive: ruin3_30
23:08:54 | INFO: Primitives created: 1
23:08:54 | INFO: Extracting primitive: ruin3_31
23:08:54 | INFO: Primitives created: 1
23:08:54 | INFO: Extracting primitive: ruin3_32
23:08:54 | INFO: Primitives created: 1
23:08:54 | INFO: Extracting primitive: ruin3_33
23:08:54 | INFO: Primitives created: 1
23:08:54 | INFO: Extracting primitive: ruin3_34
23:08:54 | INFO: Primitives created: 1
23:08:54 | INFO: Extracting primitive: ruin3_35
23:08:54 | INFO: Primitives created: 1
23:08:54 | INFO: Extracting primitive: ruin3_36
23:08:54 | INFO: Primitives created: 1
23:08:54 | INFO: Extracting primitive: ruin3_37
23:08:54 | INFO: Primitives created: 1
23:08:54 | INFO: Extracting primitive: ruin3_38
23:08:54 | INFO: Primitives created: 1
23:08:54 | INFO: Extracting primitive: ruin3_39
23:08:54 | INFO: Primitives created: 1
23:08:54 | INFO: Extracting primitive: ruin3_40
23:08:54 | INFO: Primitives created: 1
23:08:54 | INFO: Extracting primitive: ruin3_41
23:08:54 | INFO: Primitives created: 1
23:08:54 | INFO: Extracting primitive: ruin3_42
23:08:54 | INFO: Primitives created: 1
23:08:54 | INFO: Extracting primitive: ruin3_43
23:08:54 | INFO: Primitives created: 1
23:08:54 | INFO: Extracting primitive: ruin3_44
23:08:54 | INFO: Primitives created: 1
23:08:54 | INFO: Extracting primitive: ruin3_45
23:08:54 | INFO: Primitives created: 1
23:08:54 | INFO: Extracting primitive: ruin3_46
23:08:54 | INFO: Primitives created: 1
23:08:54 | INFO: Extracting primitive: ruin3_47
23:08:54 | INFO: Primitives created: 1
23:08:54 | INFO: Extracting primitive: ruin3_48
23:08:54 | INFO: Primitives created: 1
23:08:54 | INFO: Extracting primitive: ruin3_49
23:08:54 | INFO: Primitives created: 1
23:08:54 | INFO: Extracting primitive: ruin3_50
23:08:54 | INFO: Primitives created: 1
23:08:54 | INFO: Extracting primitive: ruin3_51
23:08:54 | INFO: Primitives created: 1
23:08:54 | INFO: Extracting primitive: ruin3_52
23:08:54 | INFO: Primitives created: 1
23:08:54 | INFO: Extracting primitive: ruin3_53
23:08:54 | INFO: Primitives created: 1
23:08:54 | INFO: Extracting primitive: ruin3_54
23:08:55 | INFO: Primitives created: 1
23:08:55 | INFO: Extracting primitive: ruin3_55
23:08:55 | INFO: Primitives created: 1
23:08:55 | INFO: Extracting primitive: ruin3_56
23:08:55 | INFO: Primitives created: 1
23:08:55 | INFO: Extracting primitive: ruin3_57
23:08:55 | INFO: Primitives created: 1
23:08:55 | INFO: Extracting primitive: ruin3_58
23:08:55 | INFO: Primitives created: 1
23:08:55 | INFO: Extracting primitive: ruin3_59
23:08:55 | INFO: Primitives created: 1
23:08:55 | INFO: Extracting primitive: ruin3_60
23:08:55 | INFO: Primitives created: 1
23:08:55 | INFO: Extracting primitive: ruin3_61
23:08:55 | INFO: Primitives created: 1
23:08:55 | INFO: Extracting primitive: ruin3_62
23:08:55 | INFO: Primitives created: 1
23:08:55 | INFO: Extracting primitive: ruin3_63
23:08:55 | INFO: Primitives created: 1
23:08:55 | INFO: Extracting primitive: ruin3_64
23:08:55 | INFO: Primitives created: 1
23:08:55 | INFO: Extracting primitive: ruin3_65
23:08:55 | INFO: Primitives created: 1
23:08:55 | INFO: Extracting primitive: ruin3_66
23:08:55 | INFO: Primitives created: 1
23:08:55 | INFO: Extracting primitive: ruin3_67
23:08:55 | INFO: Primitives created: 1
23:08:55 | INFO: Extracting primitive: ruin3_68
23:08:55 | INFO: Primitives created: 1
23:08:55 | INFO: Extracting primitive: ruin3_69
23:08:55 | INFO: Primitives created: 1
23:08:55 | INFO: Extracting primitive: ruin3_70
23:08:55 | INFO: Primitives created: 1
23:08:55 | INFO: Extracting primitive: ruin3_71
23:08:55 | INFO: Primitives created: 1
23:08:55 | INFO: Extracting primitive: ruin3_72
23:08:55 | INFO: Primitives created: 1
23:08:55 | INFO: Extracting primitive: ruin3_73
23:08:55 | INFO: Primitives created: 1
23:08:55 | INFO: Extracting primitive: ruin3_74
23:08:55 | INFO: Primitives created: 1
23:08:55 | INFO: Extracting primitive: ruin3_75
23:08:55 | INFO: Primitives created: 1
23:08:55 | INFO: Extracting primitive: ruin3_76
23:08:55 | INFO: Primitives created: 1
23:08:55 | INFO: Extracting primitive: ruin3_77
23:08:55 | INFO: Primitives created: 1
23:08:55 | INFO: Extracting primitive: ruin3_78
23:08:55 | INFO: Primitives created: 1
23:08:55 | INFO: Extracting primitive: ruin3_79
23:08:55 | INFO: Primitives created: 1
23:08:55 | INFO: Extracting primitive: ruin3_80
23:08:55 | INFO: Primitives created: 1
23:08:55 | INFO: Extracting primitive: ruin3_81
23:08:55 | INFO: Primitives created: 1
23:08:55 | INFO: Extracting primitive: ruin3_82
23:08:55 | INFO: Primitives created: 1
23:08:55 | INFO: Extracting primitive: ruin3_83
23:08:55 | INFO: Primitives created: 1
23:08:55 | INFO: Extracting primitive: ruin3_84
23:08:55 | INFO: Primitives created: 1
23:08:55 | INFO: Extracting primitive: hospital_0
23:08:55 | INFO: Primitives created: 1
23:08:55 | INFO: Extracting primitive: hospital_1
23:08:55 | INFO: Primitives created: 1
23:08:55 | INFO: Extracting primitive: hospital_2
23:08:55 | INFO: Primitives created: 1
23:08:55 | INFO: Extracting primitive: hospital_3
23:08:55 | INFO: Primitives created: 1
23:08:55 | INFO: Extracting primitive: hospital_4
23:08:55 | INFO: Primitives created: 1
23:08:55 | INFO: Extracting primitive: hospital_5
23:08:55 | INFO: Primitives created: 1
23:08:55 | INFO: Extracting primitive: hospital_6
23:08:55 | INFO: Primitives created: 1
23:08:55 | INFO: Extracting primitive: hospital_7
23:08:55 | INFO: Primitives created: 1
23:08:55 | INFO: Extracting primitive: hospital_8
23:08:55 | INFO: Primitives created: 1
23:08:55 | INFO: Extracting primitive: hospital_9
23:08:55 | INFO: Primitives created: 1
23:08:55 | INFO: Extracting primitive: hospital_10
23:08:55 | INFO: Primitives created: 1
23:08:55 | INFO: Extracting primitive: hospital_11
23:08:55 | INFO: Primitives created: 1
23:08:55 | INFO: Extracting primitive: hospital_12
23:08:55 | INFO: Primitives created: 1
23:08:55 | INFO: Extracting primitive: hospital_13
23:08:55 | INFO: Primitives created: 1
23:08:55 | INFO: Extracting primitive: hospital_14
23:08:55 | INFO: Primitives created: 1
23:08:55 | INFO: Extracting primitive: hospital_15
23:08:55 | INFO: Primitives created: 1
23:08:55 | INFO: Extracting primitive: hospital_16
23:08:55 | INFO: Primitives created: 1
23:08:55 | INFO: Extracting primitive: hospital_17
23:08:55 | INFO: Primitives created: 1
23:08:55 | INFO: Extracting primitive: hospital_18
23:08:55 | INFO: Primitives created: 1
23:08:55 | INFO: Extracting primitive: hospital_19
23:08:55 | INFO: Primitives created: 1
23:08:55 | INFO: Extracting primitive: hospital_20
23:08:55 | INFO: Primitives created: 1
23:08:55 | INFO: Extracting primitive: hospital_21
23:08:55 | INFO: Primitives created: 1
23:08:55 | INFO: Extracting primitive: hospital_22
23:08:55 | INFO: Primitives created: 1
23:08:55 | INFO: Extracting primitive: hospital_23
23:08:55 | INFO: Primitives created: 1
23:08:55 | INFO: Extracting primitive: hospital_24
23:08:55 | INFO: Primitives created: 1
23:08:55 | INFO: Extracting primitive: hospital_25
23:08:55 | INFO: Primitives created: 1
23:08:55 | INFO: Extracting primitive: hospital_26
23:08:55 | INFO: Primitives created: 1
23:08:55 | INFO: Extracting primitive: hospital_27
23:08:55 | INFO: Primitives created: 1
23:08:55 | INFO: Extracting primitive: hospital_28
23:08:55 | INFO: Primitives created: 1
23:08:55 | INFO: Extracting primitive: hospital_29
23:08:55 | INFO: Primitives created: 1
23:08:55 | INFO: Extracting primitive: hospital_30
23:08:55 | INFO: Primitives created: 1
23:08:55 | INFO: Extracting primitive: hospital_31
23:08:55 | INFO: Primitives created: 1
23:08:55 | INFO: Extracting primitive: hospital_32
23:08:55 | INFO: Primitives created: 1
23:08:55 | INFO: Extracting primitive: hospital_33
23:08:55 | INFO: Primitives created: 1
23:08:55 | INFO: Extracting primitive: hospital_34
23:08:55 | INFO: Primitives created: 1
23:08:55 | INFO: Extracting primitive: hospital_35
23:08:55 | INFO: Primitives created: 1
23:08:55 | INFO: Extracting primitive: hospital_36
23:08:55 | INFO: Primitives created: 1
23:08:55 | INFO: Extracting primitive: hospital_37
23:08:55 | INFO: Primitives created: 1
23:08:55 | INFO: Extracting primitive: hospital_38
23:08:55 | INFO: Primitives created: 1
23:08:55 | INFO: Extracting primitive: hospital_39
23:08:55 | INFO: Primitives created: 1
23:08:55 | INFO: Extracting primitive: hospital_40
23:08:55 | INFO: Primitives created: 1
23:08:55 | INFO: Extracting primitive: hospital_41
23:08:55 | INFO: Primitives created: 1
23:08:55 | INFO: Extracting primitive: hospital_42
23:08:55 | INFO: Primitives created: 1
23:08:55 | INFO: Extracting primitive: hospital_43
23:08:55 | INFO: Primitives created: 1
23:08:55 | INFO: Extracting primitive: hospital_44
23:08:55 | INFO: Primitives created: 1
23:08:55 | INFO: Extracting primitive: hospital_45
23:08:55 | INFO: Primitives created: 1
23:08:55 | INFO: Extracting primitive: hospital_46
23:08:55 | INFO: Primitives created: 1
23:08:55 | INFO: Extracting primitive: hospital_47
23:08:55 | INFO: Primitives created: 1
23:08:55 | INFO: Extracting primitive: hospital_48
23:08:55 | INFO: Primitives created: 1
23:08:55 | INFO: Extracting primitive: hospital_49
23:08:55 | INFO: Primitives created: 1
23:08:55 | INFO: Extracting primitive: ward_0
23:08:55 | INFO: Primitives created: 1
23:08:55 | INFO: Extracting primitive: ward_1
23:08:55 | INFO: Primitives created: 1
23:08:55 | INFO: Extracting primitive: ward_2
23:08:55 | INFO: Primitives created: 1
23:08:55 | INFO: Extracting primitive: ward_3
23:08:55 | INFO: Primitives created: 1
23:08:55 | INFO: Extracting primitive: ward_4
23:08:55 | INFO: Primitives created: 1
23:08:55 | INFO: Extracting primitive: ward_5
23:08:55 | INFO: Primitives created: 1
23:08:55 | INFO: Extracting primitive: ward_6
23:08:55 | INFO: Primitives created: 1
23:08:55 | INFO: Extracting primitive: ward_7
23:08:55 | INFO: Primitives created: 1
23:08:55 | INFO: Extracting primitive: ward_8
23:08:55 | INFO: Primitives created: 1
23:08:55 | INFO: Extracting primitive: ward_9
23:08:55 | INFO: Primitives created: 1
23:08:55 | INFO: Extracting primitive: ward_10
23:08:55 | INFO: Primitives created: 1
23:08:55 | INFO: Extracting primitive: ward_11
23:08:55 | INFO: Primitives created: 1
23:08:55 | INFO: Extracting primitive: ward_12
23:08:55 | INFO: Primitives created: 1
23:08:55 | INFO: Extracting primitive: ward_13
23:08:55 | INFO: Primitives created: 1
23:08:55 | INFO: Extracting primitive: ward_14
23:08:55 | INFO: Primitives created: 1
23:08:55 | INFO: Extracting primitive: ward_15
23:08:55 | INFO: Primitives created: 1
23:08:55 | INFO: Extracting primitive: ward_16
23:08:55 | INFO: Primitives created: 1
23:08:55 | INFO: Extracting primitive: ward_17
23:08:55 | INFO: Primitives created: 1
23:08:55 | INFO: Extracting primitive: ward_18
23:08:55 | INFO: Primitives created: 1
23:08:55 | INFO: Extracting primitive: ward_19
23:08:55 | INFO: Primitives created: 1
23:08:55 | INFO: Extracting primitive: ward_20
23:08:55 | INFO: Primitives created: 1
23:08:55 | INFO: Extracting primitive: ward_21
23:08:55 | INFO: Primitives created: 1
23:08:55 | INFO: Extracting primitive: ward_22
23:08:55 | INFO: Primitives created: 1
23:08:55 | INFO: Extracting primitive: ward_23
23:08:55 | INFO: Primitives created: 1
23:08:55 | INFO: Extracting primitive: ward_24
23:08:55 | INFO: Primitives created: 1
23:08:55 | INFO: Extracting primitive: ward_25
23:08:55 | INFO: Primitives created: 1
23:08:55 | INFO: Extracting primitive: ward_26
23:08:55 | INFO: Primitives created: 1
23:08:55 | INFO: Extracting primitive: ward_27
23:08:55 | INFO: Primitives created: 1
23:08:55 | INFO: Extracting primitive: ward_28
23:08:55 | INFO: Primitives created: 1
23:08:55 | INFO: Extracting primitive: ward_29
23:08:55 | INFO: Primitives created: 1
23:08:55 | INFO: Extracting primitive: ward_30
23:08:55 | INFO: Primitives created: 1
23:08:55 | INFO: Extracting primitive: ward_31
23:08:55 | INFO: Primitives created: 1
23:08:55 | INFO: Extracting primitive: ward_32
23:08:55 | INFO: Primitives created: 1
23:08:55 | INFO: Extracting primitive: ward_33
23:08:55 | INFO: Primitives created: 1
23:08:55 | INFO: Extracting primitive: ward_34
23:08:55 | INFO: Primitives created: 1
23:08:55 | INFO: Extracting primitive: ward_35
23:08:55 | INFO: Primitives created: 1
23:08:55 | INFO: Extracting primitive: ward_36
23:08:55 | INFO: Primitives created: 1
23:08:55 | INFO: Extracting primitive: ward_37
23:08:55 | INFO: Primitives created: 1
23:08:55 | INFO: Extracting primitive: ward_38
23:08:55 | INFO: Primitives created: 1
23:08:55 | INFO: Extracting primitive: ward_39
23:08:55 | INFO: Primitives created: 1
23:08:55 | INFO: Extracting primitive: ward_40
23:08:55 | INFO: Primitives created: 1
23:08:55 | INFO: Extracting primitive: ward_41
23:08:55 | INFO: Primitives created: 1
23:08:55 | INFO: Extracting primitive: ward_42
23:08:55 | INFO: Primitives created: 1
23:08:55 | INFO: Extracting primitive: ward_43
23:08:55 | INFO: Primitives created: 1
23:08:55 | INFO: Extracting primitive: ward_44
23:08:55 | INFO: Primitives created: 1
23:08:55 | INFO: Extracting primitive: ward_45
23:08:55 | INFO: Primitives created: 1
23:08:55 | INFO: Extracting primitive: ward_46
23:08:55 | INFO: Primitives created: 1
23:08:55 | INFO: Extracting primitive: ward_47
23:08:55 | INFO: Primitives created: 1
23:08:55 | INFO: Extracting primitive: ward_48
23:08:55 | INFO: Primitives created: 1
23:08:55 | INFO: Extracting primitive: ward_49
23:08:55 | INFO: Primitives created: 1
23:08:55 | INFO: Extracting primitive: ward_50
23:08:55 | INFO: Primitives created: 1
23:08:55 | INFO: Extracting primitive: ward_51
23:08:55 | INFO: Primitives created: 1
23:08:55 | INFO: Extracting primitive: ward_52
23:08:55 | INFO: Primitives created: 1
23:08:55 | INFO: Extracting primitive: ward_53
23:08:55 | INFO: Primitives created: 1
23:08:55 | INFO: Extracting primitive: ward_54
23:08:55 | INFO: Primitives created: 1
23:08:55 | INFO: Extracting primitive: ward_55
23:08:55 | INFO: Primitives created: 1
23:08:55 | INFO: Extracting primitive: ward_56
23:08:55 | INFO: Primitives created: 1
23:08:55 | INFO: Extracting primitive: ward_57
23:08:55 | INFO: Primitives created: 1
23:08:55 | INFO: Extracting primitive: ward_58
23:08:55 | INFO: Primitives created: 1
23:08:55 | INFO: Extracting primitive: ward_59
23:08:55 | INFO: Primitives created: 1
23:08:55 | INFO: Extracting primitive: ward_60
23:08:55 | INFO: Primitives created: 1
23:08:55 | INFO: Extracting primitive: ward_61
23:08:55 | INFO: Primitives created: 1
23:08:55 | INFO: Extracting primitive: ward_62
23:08:55 | INFO: Primitives created: 1
23:08:55 | INFO: Extracting primitive: ward_63
23:08:55 | INFO: Primitives created: 1
23:08:55 | INFO: Extracting primitive: ward_64
23:08:55 | INFO: Primitives created: 1
23:08:55 | INFO: Extracting primitive: ward_65
23:08:55 | INFO: Primitives created: 1
23:08:55 | INFO: Extracting primitive: ward_66
23:08:55 | INFO: Primitives created: 1
23:08:55 | INFO: Extracting primitive: ward_67
23:08:55 | INFO: Primitives created: 1
23:08:55 | INFO: Extracting primitive: ward_68
23:08:55 | INFO: Primitives created: 1
23:08:55 | INFO: Extracting primitive: ward_69
23:08:55 | INFO: Primitives created: 1
23:08:55 | INFO: Extracting primitive: ward_70
23:08:55 | INFO: Primitives created: 1
23:08:55 | INFO: Extracting primitive: ward_71
23:08:55 | INFO: Primitives created: 1
23:08:55 | INFO: Extracting primitive: ward_72
23:08:55 | INFO: Primitives created: 1
23:08:55 | INFO: Extracting primitive: ward_73
23:08:55 | INFO: Primitives created: 1
23:08:55 | INFO: Extracting primitive: ward_74
23:08:55 | INFO: Primitives created: 1
23:08:55 | INFO: Extracting primitive: ward_75
23:08:55 | INFO: Primitives created: 1
23:08:55 | INFO: Extracting primitive: ward_76
23:08:55 | INFO: Primitives created: 1
23:08:55 | INFO: Extracting primitive: ward_77
23:08:55 | INFO: Primitives created: 1
23:08:55 | INFO: Extracting primitive: ward_78
23:08:55 | INFO: Primitives created: 1
23:08:55 | INFO: Extracting primitive: ward_79
23:08:55 | INFO: Primitives created: 1
23:08:55 | INFO: Extracting primitive: ward_80
23:08:55 | INFO: Primitives created: 1
23:08:55 | INFO: Extracting primitive: ward_81
23:08:55 | INFO: Primitives created: 1
23:08:55 | INFO: Extracting primitive: ward_82
23:08:55 | INFO: Primitives created: 1
23:08:55 | INFO: Extracting primitive: ward_83
23:08:55 | INFO: Primitives created: 1
23:08:55 | INFO: Extracting primitive: ward_84
23:08:55 | INFO: Primitives created: 1
23:08:55 | INFO: Extracting primitive: ward_85
23:08:55 | INFO: Primitives created: 1
23:08:55 | INFO: Extracting primitive: ward_86
23:08:55 | INFO: Primitives created: 1
23:08:55 | INFO: Extracting primitive: ward_87
23:08:55 | INFO: Primitives created: 1
23:08:55 | INFO: Extracting primitive: ward_88
23:08:55 | INFO: Primitives created: 1
23:08:55 | INFO: Extracting primitive: ward_89
23:08:55 | INFO: Primitives created: 1
23:08:55 | INFO: Extracting primitive: ward_90
23:08:55 | INFO: Primitives created: 1
23:08:55 | INFO: Extracting primitive: ward_91
23:08:55 | INFO: Primitives created: 1
23:08:55 | INFO: Extracting primitive: ward_92
23:08:55 | INFO: Primitives created: 1
23:08:55 | INFO: Extracting primitive: ward_93
23:08:55 | INFO: Primitives created: 1
23:08:55 | INFO: Extracting primitive: ward_94
23:08:55 | INFO: Primitives created: 1
23:08:55 | INFO: Extracting primitive: ward_95
23:08:55 | INFO: Primitives created: 1
23:08:55 | INFO: Extracting primitive: ward_96
23:08:55 | INFO: Primitives created: 1
23:08:55 | INFO: Extracting primitive: ward_97
23:08:55 | INFO: Primitives created: 1
23:08:55 | INFO: Extracting primitive: ward_98
23:08:55 | INFO: Primitives created: 1
23:08:55 | INFO: Extracting primitive: ward_99
23:08:55 | INFO: Primitives created: 1
23:08:55 | INFO: Extracting primitive: ward_100
23:08:55 | INFO: Primitives created: 1
23:08:55 | INFO: Extracting primitive: ward_101
23:08:55 | INFO: Primitives created: 1
23:08:55 | INFO: Extracting primitive: ward_102
23:08:55 | INFO: Primitives created: 1
23:08:55 | INFO: Extracting primitive: ward_103
23:08:55 | INFO: Primitives created: 1
23:08:55 | INFO: Extracting primitive: ward_104
23:08:55 | INFO: Primitives created: 1
23:08:55 | INFO: Extracting primitive: ward_105
23:08:55 | INFO: Primitives created: 1
23:08:55 | INFO: Extracting primitive: ward_106
23:08:55 | INFO: Primitives created: 1
23:08:55 | INFO: Extracting primitive: ward_107
23:08:55 | INFO: Primitives created: 1
23:08:55 | INFO: Extracting primitive: ward_108
23:08:55 | INFO: Primitives created: 1
23:08:55 | INFO: Extracting primitive: ward_109
23:08:55 | INFO: Primitives created: 1
23:08:55 | INFO: Extracting primitive: ward_110
23:08:55 | INFO: Primitives created: 1
23:08:55 | INFO: Extracting primitive: ward_111
23:08:55 | INFO: Primitives created: 1
23:08:55 | INFO: Extracting primitive: ward_112
23:08:55 | INFO: Primitives created: 1
23:08:55 | INFO: Extracting primitive: ward_113
23:08:55 | INFO: Primitives created: 1
23:08:55 | INFO: Extracting primitive: ward_114
23:08:55 | INFO: Primitives created: 1
23:08:55 | INFO: Extracting primitive: ward_115
23:08:55 | INFO: Primitives created: 1
23:08:55 | INFO: Extracting primitive: ward_116
23:08:55 | INFO: Primitives created: 1
23:08:55 | INFO: Extracting primitive: ward_117
23:08:55 | INFO: Primitives created: 1
23:08:55 | INFO: Extracting primitive: ward_118
23:08:55 | INFO: Primitives created: 1
23:08:55 | INFO: Extracting primitive: ward_119
23:08:55 | INFO: Primitives created: 1
23:08:55 | INFO: Extracting primitive: ward_120
23:08:55 | INFO: Primitives created: 1
23:08:55 | INFO: Extracting primitive: ward_121
23:08:55 | INFO: Primitives created: 1
23:08:55 | INFO: Extracting primitive: ward_122
23:08:55 | INFO: Primitives created: 1
23:08:55 | INFO: Extracting primitive: ward_123
23:08:55 | INFO: Primitives created: 1
23:08:55 | INFO: Extracting primitive: ward_124
23:08:55 | INFO: Primitives created: 1
23:08:55 | INFO: Extracting primitive: ward_125
23:08:55 | INFO: Primitives created: 1
23:08:55 | INFO: Extracting primitive: ward_126
23:08:55 | INFO: Primitives created: 1
23:08:55 | INFO: Extracting primitive: ward_127
23:08:55 | INFO: Primitives created: 1
23:08:55 | INFO: Extracting primitive: ward_128
23:08:55 | INFO: Primitives created: 1
23:08:55 | INFO: Extracting primitive: ward_129
23:08:55 | INFO: Primitives created: 1
23:08:55 | INFO: Extracting primitive: ward_130
23:08:55 | INFO: Primitives created: 1
23:08:55 | INFO: Extracting primitive: ward_131
23:08:55 | INFO: Primitives created: 1
23:08:55 | INFO: Extracting primitive: ward_132
23:08:55 | INFO: Primitives created: 1
23:08:55 | INFO: Extracting primitive: ward_133
23:08:55 | INFO: Primitives created: 1
23:08:55 | INFO: Extracting primitive: ward_134
23:08:55 | INFO: Primitives created: 1
23:08:55 | INFO: Extracting primitive: ward_135
23:08:55 | INFO: Primitives created: 1
23:08:55 | INFO: Extracting primitive: ward_136
23:08:55 | INFO: Primitives created: 1
23:08:55 | INFO: Extracting primitive: ward_137
23:08:55 | INFO: Primitives created: 1
23:08:55 | INFO: Extracting primitive: ward_138
23:08:55 | INFO: Primitives created: 1
23:08:55 | INFO: Extracting primitive: ward_139
23:08:55 | INFO: Primitives created: 1
23:08:55 | INFO: Extracting primitive: ward_140
23:08:55 | INFO: Primitives created: 1
23:08:55 | INFO: Extracting primitive: ward_141
23:08:55 | INFO: Primitives created: 1
23:08:55 | INFO: Extracting primitive: ward_142
23:08:55 | INFO: Primitives created: 1
23:08:55 | INFO: Extracting primitive: ward_143
23:08:55 | INFO: Primitives created: 1
23:08:55 | INFO: Extracting primitive: ward_144
23:08:55 | INFO: Primitives created: 1
23:08:55 | INFO: Extracting primitive: ward_145
23:08:55 | INFO: Primitives created: 1
23:08:55 | INFO: Extracting primitive: ward_146
23:08:55 | INFO: Primitives created: 1
23:08:55 | INFO: Extracting primitive: ward_147
23:08:55 | INFO: Primitives created: 1
23:08:55 | INFO: Extracting primitive: ward_148
23:08:55 | INFO: Primitives created: 1
23:08:55 | INFO: Extracting primitive: ward_149
23:08:55 | INFO: Primitives created: 1
23:08:55 | INFO: Extracting primitive: ward_150
23:08:55 | INFO: Primitives created: 1
23:08:55 | INFO: Extracting primitive: ward_151
23:08:55 | INFO: Primitives created: 1
23:08:55 | INFO: Extracting primitive: ward_152
23:08:55 | INFO: Primitives created: 1
23:08:55 | INFO: Extracting primitive: ward_153
23:08:55 | INFO: Primitives created: 1
23:08:55 | INFO: Extracting primitive: ward_154
23:08:55 | INFO: Primitives created: 1
23:08:55 | INFO: Extracting primitive: ward_155
23:08:55 | INFO: Primitives created: 1
23:08:55 | INFO: Extracting primitive: ward_156
23:08:55 | INFO: Primitives created: 1
23:08:55 | INFO: Extracting primitive: ward_157
23:08:55 | INFO: Primitives created: 1
23:08:55 | INFO: Extracting primitive: ward_158
23:08:55 | INFO: Primitives created: 1
23:08:55 | INFO: Extracting primitive: ward_159
23:08:55 | INFO: Primitives created: 1
23:08:55 | INFO: Extracting primitive: ward_160
23:08:55 | INFO: Primitives created: 1
23:08:55 | INFO: Extracting primitive: ward_161
23:08:55 | INFO: Primitives created: 1
23:08:55 | INFO: Extracting primitive: ward_162
23:08:55 | INFO: Primitives created: 1
23:08:55 | INFO: Extracting primitive: ward_163
23:08:55 | INFO: Primitives created: 1
23:08:55 | INFO: Extracting primitive: ward_164
23:08:55 | INFO: Primitives created: 1
23:08:55 | INFO: Extracting primitive: ward_165
23:08:55 | INFO: Primitives created: 1
23:08:55 | INFO: Extracting primitive: ward_166
23:08:55 | INFO: Primitives created: 1
23:08:55 | INFO: Extracting primitive: ward_167
23:08:55 | INFO: Primitives created: 1
23:08:55 | INFO: Extracting primitive: ward_168
23:08:55 | INFO: Primitives created: 1
23:08:55 | INFO: Extracting primitive: ward_169
23:08:55 | INFO: Primitives created: 1
23:08:55 | INFO: Extracting primitive: ward_170
23:08:55 | INFO: Primitives created: 1
23:08:55 | INFO: Extracting primitive: ward_171
23:08:55 | INFO: Primitives created: 1
23:08:55 | INFO: Extracting primitive: ward_172
23:08:55 | INFO: Primitives created: 1
23:08:55 | INFO: Extracting primitive: ward_173
23:08:55 | INFO: Primitives created: 1
23:08:55 | INFO: Extracting primitive: ward_174
23:08:55 | INFO: Primitives created: 1
23:08:55 | INFO: Extracting primitive: ward_175
23:08:55 | INFO: Primitives created: 1
23:08:55 | INFO: Extracting primitive: ward_176
23:08:55 | INFO: Primitives created: 1
23:08:55 | INFO: Extracting primitive: ward_177
23:08:55 | INFO: Primitives created: 1
23:08:55 | INFO: Extracting primitive: ward_178
23:08:55 | INFO: Primitives created: 1
23:08:55 | INFO: Extracting primitive: ward_179
23:08:55 | INFO: Primitives created: 1
23:08:55 | INFO: Extracting primitive: ward_180
23:08:55 | INFO: Primitives created: 1
23:08:55 | INFO: Extracting primitive: ward_181
23:08:55 | INFO: Primitives created: 1
23:08:55 | INFO: Extracting primitive: ward_182
23:08:55 | INFO: Primitives created: 1
23:08:55 | INFO: Extracting primitive: ward_183
23:08:55 | INFO: Primitives created: 1
23:08:55 | INFO: Extracting primitive: ward_184
23:08:55 | INFO: Primitives created: 1
23:08:55 | INFO: Extracting primitive: ward_185
23:08:55 | INFO: Primitives created: 1
23:08:55 | INFO: Extracting primitive: ward_186
23:08:55 | INFO: Primitives created: 1
23:08:55 | INFO: Extracting primitive: ward_187
23:08:55 | INFO: Primitives created: 1
23:08:55 | INFO: Extracting primitive: ward_188
23:08:55 | INFO: Primitives created: 1
23:08:55 | INFO: Extracting primitive: ward_189
23:08:55 | INFO: Primitives created: 1
23:08:55 | INFO: Extracting primitive: ward_190
23:08:55 | INFO: Primitives created: 1
23:08:55 | INFO: Extracting primitive: ward_191
23:08:55 | INFO: Primitives created: 1
23:08:55 | INFO: Extracting primitive: ward_192
23:08:55 | INFO: Primitives created: 1
23:08:55 | INFO: Extracting primitive: ward_193
23:08:55 | INFO: Primitives created: 1
23:08:55 | INFO: Extracting primitive: ward_194
23:08:55 | INFO: Primitives created: 1
23:08:55 | INFO: Extracting primitive: ward_195
23:08:55 | INFO: Primitives created: 1
23:08:55 | INFO: Extracting primitive: ward_196
23:08:55 | INFO: Primitives created: 1
23:08:55 | INFO: Extracting primitive: ward_197
23:08:55 | INFO: Primitives created: 1
23:08:55 | INFO: Extracting primitive: ward_198
23:08:55 | INFO: Primitives created: 1
23:08:55 | INFO: Extracting primitive: ward_199
23:08:55 | INFO: Primitives created: 1
23:08:55 | INFO: Extracting primitive: ward_200
23:08:55 | INFO: Primitives created: 1
23:08:55 | INFO: Extracting primitive: ward_201
23:08:55 | INFO: Primitives created: 1
23:08:55 | INFO: Extracting primitive: ward_202
23:08:55 | INFO: Primitives created: 1
23:08:55 | INFO: Extracting primitive: ward_203
23:08:55 | INFO: Primitives created: 1
23:08:55 | INFO: Extracting primitive: ward_204
23:08:55 | INFO: Primitives created: 1
23:08:55 | INFO: Extracting primitive: ward_205
23:08:55 | INFO: Primitives created: 1
23:08:55 | INFO: Extracting primitive: ward_206
23:08:55 | INFO: Primitives created: 1
23:08:55 | INFO: Extracting primitive: ward_207
23:08:55 | INFO: Primitives created: 1
23:08:55 | INFO: Extracting primitive: ward_208
23:08:55 | INFO: Primitives created: 1
23:08:55 | INFO: Extracting primitive: ward_209
23:08:55 | INFO: Primitives created: 1
23:08:55 | INFO: Extracting primitive: ward_210
23:08:55 | INFO: Primitives created: 1
23:08:55 | INFO: Extracting primitive: ward_211
23:08:55 | INFO: Primitives created: 1
23:08:55 | INFO: Extracting primitive: ward_212
23:08:55 | INFO: Primitives created: 1
23:08:55 | INFO: Extracting primitive: ward_213
23:08:55 | INFO: Primitives created: 1
23:08:55 | INFO: Extracting primitive: ward_214
23:08:55 | INFO: Primitives created: 1
23:08:55 | INFO: Extracting primitive: ward_215
23:08:55 | INFO: Primitives created: 1
23:08:55 | INFO: Extracting primitive: ward_216
23:08:55 | INFO: Primitives created: 1
23:08:55 | INFO: Extracting primitive: ward_217
23:08:55 | INFO: Primitives created: 1
23:08:55 | INFO: Extracting primitive: ward_218
23:08:55 | INFO: Primitives created: 1
23:08:55 | INFO: Extracting primitive: ward_219
23:08:55 | INFO: Primitives created: 1
23:08:55 | INFO: Extracting primitive: ward_220
23:08:55 | INFO: Primitives created: 1
23:08:55 | INFO: Extracting primitive: ward_221
23:08:55 | INFO: Primitives created: 1
23:08:55 | INFO: Extracting primitive: ward_222
23:08:55 | INFO: Primitives created: 1
23:08:55 | INFO: Extracting primitive: ward_223
23:08:55 | INFO: Primitives created: 1
23:08:55 | INFO: Extracting primitive: ward_224
23:08:55 | INFO: Primitives created: 1
23:08:55 | INFO: Extracting primitive: ward_225
23:08:55 | INFO: Primitives created: 1
23:08:55 | INFO: Extracting primitive: ward_226
23:08:55 | INFO: Primitives created: 1
23:08:55 | INFO: Extracting primitive: ward_227
23:08:55 | INFO: Primitives created: 1
23:08:55 | INFO: Extracting primitive: ward_228
23:08:55 | INFO: Primitives created: 1
23:08:55 | INFO: Extracting primitive: ward_229
23:08:55 | INFO: Primitives created: 1
23:08:55 | INFO: Extracting primitive: ward_230
23:08:55 | INFO: Primitives created: 1
23:08:55 | INFO: Extracting primitive: ward_231
23:08:55 | INFO: Primitives created: 1
23:08:55 | INFO: Extracting primitive: ward_232
23:08:55 | INFO: Primitives created: 1
23:08:55 | INFO: Extracting primitive: ward_233
23:08:55 | INFO: Primitives created: 1
23:08:55 | INFO: Extracting primitive: ward_234
23:08:55 | INFO: Primitives created: 1
23:08:55 | INFO: Extracting primitive: ward_235
23:08:55 | INFO: Primitives created: 1
23:08:55 | INFO: Extracting primitive: ward_236
23:08:55 | INFO: Primitives created: 1
23:08:55 | INFO: Extracting primitive: ward_237
23:08:55 | INFO: Primitives created: 1
23:08:55 | INFO: Extracting primitive: ward_238
23:08:55 | INFO: Primitives created: 1
23:08:55 | INFO: Extracting primitive: ward_239
23:08:55 | INFO: Primitives created: 1
23:08:55 | INFO: Extracting primitive: ward_240
23:08:55 | INFO: Primitives created: 1
23:08:55 | INFO: Extracting primitive: ward_241
23:08:55 | INFO: Primitives created: 1
23:08:55 | INFO: Extracting primitive: ward_242
23:08:55 | INFO: Primitives created: 1
23:08:55 | INFO: Extracting primitive: ward_243
23:08:55 | INFO: Primitives created: 1
23:08:55 | INFO: Extracting primitive: ward_244
23:08:55 | INFO: Primitives created: 1
23:08:55 | INFO: Extracting primitive: ward_245
23:08:55 | INFO: Primitives created: 1
23:08:55 | INFO: Extracting primitive: ward_246
23:08:55 | INFO: Primitives created: 1
23:08:55 | INFO: Extracting primitive: ward_247
23:08:55 | INFO: Primitives created: 1
23:08:55 | INFO: Extracting primitive: ward_248
23:08:55 | INFO: Primitives created: 1
23:08:55 | INFO: Extracting primitive: ward_249
23:08:55 | INFO: Primitives created: 1
23:08:55 | INFO: Extracting primitive: ward_250
23:08:55 | INFO: Primitives created: 1
23:08:55 | INFO: Extracting primitive: ward_251
23:08:55 | INFO: Primitives created: 1
23:08:55 | INFO: Extracting primitive: ward_252
23:08:55 | INFO: Primitives created: 1
23:08:55 | INFO: Extracting primitive: ward_253
23:08:55 | INFO: Primitives created: 1
23:08:55 | INFO: Extracting primitive: ward_254
23:08:55 | INFO: Primitives created: 1
23:08:55 | INFO: Extracting primitive: ward_255
23:08:55 | INFO: Primitives created: 1
23:08:55 | INFO: Extracting primitive: ward_256
23:08:55 | INFO: Primitives created: 1
23:08:55 | INFO: Extracting primitive: ward_257
23:08:55 | INFO: Primitives created: 1
23:08:55 | INFO: Extracting primitive: ward_258
23:08:55 | INFO: Primitives created: 1
23:08:55 | INFO: Extracting primitive: ward_259
23:08:55 | INFO: Primitives created: 1
23:08:55 | INFO: Extracting primitive: ward_260
23:08:55 | INFO: Primitives created: 1
23:08:55 | INFO: Extracting primitive: ward_261
23:08:55 | INFO: Primitives created: 1
23:08:55 | INFO: Extracting primitive: ward_262
23:08:55 | INFO: Primitives created: 1
23:08:55 | INFO: Extracting primitive: ward_263
23:08:55 | INFO: Primitives created: 1
23:08:55 | INFO: Extracting primitive: ward_264
23:08:55 | INFO: Primitives created: 1
23:08:55 | INFO: Extracting primitive: ward_265
23:08:55 | INFO: Primitives created: 1
23:08:55 | INFO: Extracting primitive: ward_266
23:08:55 | INFO: Primitives created: 1
23:08:55 | INFO: Extracting primitive: ward_267
23:08:55 | INFO: Primitives created: 1
23:08:55 | INFO: Extracting primitive: ward_268
23:08:55 | INFO: Primitives created: 1
23:08:55 | INFO: Extracting primitive: ward_269
23:08:55 | INFO: Primitives created: 1
23:08:55 | INFO: Extracting primitive: ward_270
23:08:55 | INFO: Primitives created: 1
23:08:55 | INFO: Extracting primitive: ward_271
23:08:55 | INFO: Primitives created: 1
23:08:55 | INFO: Extracting primitive: ward_272
23:08:55 | INFO: Primitives created: 1
23:08:55 | INFO: Extracting primitive: ward_273
23:08:55 | INFO: Primitives created: 1
23:08:55 | INFO: Extracting primitive: ward_274
23:08:55 | INFO: Primitives created: 1
23:08:55 | INFO: Extracting primitive: ward_275
23:08:55 | INFO: Primitives created: 1
23:08:55 | INFO: Extracting primitive: ward_276
23:08:55 | INFO: Primitives created: 1
23:08:55 | INFO: Extracting primitive: ward_277
23:08:55 | INFO: Primitives created: 1
23:08:55 | INFO: Extracting primitive: ward_278
23:08:55 | INFO: Primitives created: 1
23:08:55 | INFO: Extracting primitive: ward_279
23:08:55 | INFO: Primitives created: 1
23:08:55 | INFO: Extracting primitive: ward_280
23:08:55 | INFO: Primitives created: 1
23:08:55 | INFO: Extracting primitive: ward_281
23:08:55 | INFO: Primitives created: 1
23:08:55 | INFO: Extracting primitive: ward_282
23:08:55 | INFO: Primitives created: 1
23:08:55 | INFO: Extracting primitive: ward_283
23:08:55 | INFO: Primitives created: 1
23:08:55 | INFO: Extracting primitive: ward_284
23:08:55 | INFO: Primitives created: 1
23:08:55 | INFO: Extracting primitive: ward_285
23:08:55 | INFO: Primitives created: 1
23:08:55 | INFO: Extracting primitive: ward_286
23:08:55 | INFO: Primitives created: 1
23:08:55 | INFO: Extracting primitive: ward_287
23:08:55 | INFO: Primitives created: 1
23:08:55 | INFO: Extracting primitive: ward_288
23:08:55 | INFO: Primitives created: 1
23:08:55 | INFO: Extracting primitive: ward_289
23:08:55 | INFO: Primitives created: 1
23:08:55 | INFO: Extracting primitive: bridge_0
23:08:55 | INFO: Primitives created: 1
23:08:55 | INFO: Extracting primitive: bridge_1
23:08:55 | INFO: Primitives created: 1
23:08:55 | INFO: Extracting primitive: bridge_2
23:08:55 | INFO: Primitives created: 1
23:08:55 | INFO: Extracting primitive: bridge_3
23:08:55 | INFO: Primitives created: 1
23:08:55 | INFO: Extracting primitive: bridge_4
23:08:55 | INFO: Primitives created: 1
23:08:55 | INFO: Extracting primitive: bridge_5
23:08:55 | INFO: Primitives created: 1
23:08:55 | INFO: Extracting primitive: bridge_6
23:08:55 | INFO: Primitives created: 1
23:08:55 | INFO: Extracting primitive: bridge_7
23:08:55 | INFO: Primitives created: 1
23:08:55 | INFO: Extracting primitive: bridge_8
23:08:55 | INFO: Primitives created: 1
23:08:55 | INFO: Extracting primitive: bridge_9
23:08:55 | INFO: Primitives created: 1
23:08:55 | INFO: Extracting primitive: bridge_10
23:08:55 | INFO: Primitives created: 1
23:08:55 | INFO: Extracting primitive: bridge_11
23:08:55 | INFO: Primitives created: 1
23:08:55 | INFO: Extracting primitive: bridge_12
23:08:55 | INFO: Primitives created: 1
23:08:55 | INFO: Extracting primitive: bridge_13
23:08:55 | INFO: Primitives created: 1
23:08:55 | INFO: Extracting primitive: bridge_14
23:08:55 | INFO: Primitives created: 1
23:08:55 | INFO: Extracting primitive: bridge_15
23:08:55 | INFO: Primitives created: 1
23:08:55 | INFO: Extracting primitive: bridge_16
23:08:55 | INFO: Primitives created: 1
23:08:55 | INFO: Extracting primitive: bridge_17
23:08:55 | INFO: Primitives created: 1
23:08:55 | INFO: Extracting primitive: bridge_18
23:08:55 | INFO: Primitives created: 1
23:08:55 | INFO: Extracting primitive: bridge_19
23:08:55 | INFO: Primitives created: 1
23:08:55 | INFO: Extracting primitive: bridge_20
23:08:55 | INFO: Primitives created: 1
23:08:55 | INFO: Extracting primitive: bridge_21
23:08:55 | INFO: Primitives created: 1
23:08:55 | INFO: Extracting primitive: bridge_22
23:08:55 | INFO: Primitives created: 1
23:08:55 | INFO: Extracting primitive: bridge_23
23:08:55 | INFO: Primitives created: 1
23:08:55 | INFO: Extracting primitive: bridge_24
23:08:55 | INFO: Primitives created: 1
23:08:55 | INFO: Extracting primitive: bridge_25
23:08:55 | INFO: Primitives created: 1
23:08:55 | INFO: Extracting primitive: bridge_26
23:08:55 | INFO: Primitives created: 1
23:08:55 | INFO: Extracting primitive: bridge_27
23:08:55 | INFO: Primitives created: 1
23:08:55 | INFO: Extracting primitive: bridge_28
23:08:55 | INFO: Primitives created: 1
23:08:55 | INFO: Extracting primitive: bridge_29
23:08:55 | INFO: Primitives created: 1
23:08:55 | INFO: Extracting primitive: bridge_30
23:08:55 | INFO: Primitives created: 1
23:08:55 | INFO: Extracting primitive: bridge_31
23:08:55 | INFO: Primitives created: 1
23:08:55 | INFO: Extracting primitive: bridge_32
23:08:55 | INFO: Primitives created: 1
23:08:55 | INFO: Extracting primitive: bridge_33
23:08:55 | INFO: Primitives created: 1
23:08:55 | INFO: Extracting primitive: bridge_34
23:08:55 | INFO: Primitives created: 1
23:08:55 | INFO: Extracting primitive: bridge_35
23:08:55 | INFO: Primitives created: 1
23:08:55 | INFO: Extracting primitive: bridge_36
23:08:55 | INFO: Primitives created: 1
23:08:55 | INFO: Extracting primitive: bridge_37
23:08:55 | INFO: Primitives created: 1
23:08:55 | INFO: Extracting primitive: bridge_38
23:08:55 | INFO: Primitives created: 1
23:08:55 | INFO: Extracting primitive: bridge_39
23:08:55 | INFO: Primitives created: 1
23:08:55 | INFO: Extracting primitive: bridge_40
23:08:55 | INFO: Primitives created: 1
23:08:55 | INFO: Extracting primitive: bridge_41
23:08:55 | INFO: Primitives created: 1
23:08:55 | INFO: Extracting primitive: bridge_42
23:08:55 | INFO: Primitives created: 1
23:08:55 | INFO: Extracting primitive: bridge_43
23:08:55 | INFO: Primitives created: 1
23:08:55 | INFO: Extracting primitive: bridge_44
23:08:55 | INFO: Primitives created: 1
23:08:55 | INFO: Extracting primitive: bridge_45
23:08:55 | INFO: Primitives created: 1
23:08:55 | INFO: Extracting primitive: bridge_46
23:08:55 | INFO: Primitives created: 1
23:08:55 | INFO: Extracting primitive: bridge_47
23:08:55 | INFO: Primitives created: 1
23:08:55 | INFO: Extracting primitive: bridge_48
23:08:55 | INFO: Primitives created: 1
23:08:55 | INFO: Extracting primitive: bridge_49
23:08:55 | INFO: Primitives created: 1
23:08:55 | INFO: Extracting primitive: bridge_50
23:08:55 | INFO: Primitives created: 1
23:08:55 | INFO: Extracting primitive: bridge_51
23:08:55 | INFO: Primitives created: 1
23:08:55 | INFO: Extracting primitive: bridge_52
23:08:55 | INFO: Primitives created: 1
23:08:55 | INFO: Extracting primitive: bridge_53
23:08:55 | INFO: Primitives created: 1
23:08:55 | INFO: Extracting primitive: bridge_54
23:08:55 | INFO: Primitives created: 1
23:08:55 | INFO: Extracting primitive: bridge_55
23:08:55 | INFO: Primitives created: 1
23:08:55 | INFO: Extracting primitive: bridge_56
23:08:55 | INFO: Primitives created: 1
23:08:55 | INFO: Extracting primitive: bridge_57
23:08:55 | INFO: Primitives created: 1
23:08:55 | INFO: Extracting primitive: bridge_58
23:08:55 | INFO: Primitives created: 1
23:08:55 | INFO: Extracting primitive: bridge_59
23:08:55 | INFO: Primitives created: 1
23:08:55 | INFO: Extracting primitive: bridge_60
23:08:55 | INFO: Primitives created: 1
23:08:55 | INFO: Extracting primitive: bridge_61
23:08:55 | INFO: Primitives created: 1
23:08:55 | INFO: Extracting primitive: bridge_62
23:08:55 | INFO: Primitives created: 1
23:08:55 | INFO: Extracting primitive: bridge_63
23:08:55 | INFO: Primitives created: 1
23:08:55 | INFO: Extracting primitive: bridge_64
23:08:55 | INFO: Primitives created: 1
23:08:55 | INFO: Extracting primitive: bridge_65
23:08:55 | INFO: Primitives created: 1
23:08:55 | INFO: Extracting primitive: bridge_66
23:08:55 | INFO: Primitives created: 1
23:08:55 | INFO: Extracting primitive: bridge_67
23:08:55 | INFO: Primitives created: 1
23:08:55 | INFO: Extracting primitive: bridge_68
23:08:55 | INFO: Primitives created: 1
23:08:55 | INFO: Extracting primitive: bridge_69
23:08:55 | INFO: Primitives created: 1
23:08:55 | INFO: Extracting primitive: bridge_70
23:08:55 | INFO: Primitives created: 1
23:08:55 | INFO: Extracting primitive: bridge_71
23:08:55 | INFO: Primitives created: 1
23:08:55 | INFO: Extracting primitive: bridge_72
23:08:55 | INFO: Primitives created: 1
23:08:55 | INFO: Extracting primitive: bridge_73
23:08:55 | INFO: Primitives created: 1
23:08:55 | INFO: Extracting primitive: bridge_74
23:08:55 | INFO: Primitives created: 1
23:08:55 | INFO: Extracting primitive: bridge_75
23:08:55 | INFO: Primitives created: 1
23:08:55 | INFO: Extracting primitive: bridge_76
23:08:55 | INFO: Primitives created: 1
23:08:55 | INFO: Extracting primitive: bridge_77
23:08:55 | INFO: Primitives created: 1
23:08:55 | INFO: Extracting primitive: bridge_78
23:08:55 | INFO: Primitives created: 1
23:08:55 | INFO: Extracting primitive: bridge_79
23:08:55 | INFO: Primitives created: 1
23:08:55 | INFO: Extracting primitive: bridge_80
23:08:55 | INFO: Primitives created: 1
23:08:55 | INFO: Extracting primitive: bridge_81
23:08:55 | INFO: Primitives created: 1
23:08:55 | INFO: Extracting primitive: bridge_82
23:08:55 | INFO: Primitives created: 1
23:08:55 | INFO: Extracting primitive: bridge_83
23:08:55 | INFO: Primitives created: 1
23:08:55 | INFO: Extracting primitive: bridge_84
23:08:55 | INFO: Primitives created: 1
23:08:55 | INFO: Extracting primitive: bridge_85
23:08:55 | INFO: Primitives created: 1
23:08:55 | INFO: Extracting primitive: bridge_86
23:08:55 | INFO: Primitives created: 1
23:08:55 | INFO: Extracting primitive: bridge_87
23:08:55 | INFO: Primitives created: 1
23:08:55 | INFO: Extracting primitive: bridge_88
23:08:55 | INFO: Primitives created: 1
23:08:55 | INFO: Extracting primitive: bridge_89
23:08:55 | INFO: Primitives created: 1
23:08:55 | INFO: Extracting primitive: bridge_90
23:08:55 | INFO: Primitives created: 1
23:08:55 | INFO: Extracting primitive: bridge_91
23:08:55 | INFO: Primitives created: 1
23:08:55 | INFO: Extracting primitive: bridge_92
23:08:55 | INFO: Primitives created: 1
23:08:55 | INFO: Extracting primitive: bridge_93
23:08:55 | INFO: Primitives created: 1
23:08:55 | INFO: Extracting primitive: bridge_94
23:08:55 | INFO: Primitives created: 1
23:08:55 | INFO: Extracting primitive: bridge_95
23:08:55 | INFO: Primitives created: 1
23:08:55 | INFO: Extracting primitive: bridge_96
23:08:55 | INFO: Primitives created: 1
23:08:55 | INFO: Extracting primitive: bridge_97
23:08:55 | INFO: Primitives created: 1
23:08:55 | INFO: Extracting primitive: bridge_98
23:08:55 | INFO: Primitives created: 1
23:08:55 | INFO: Extracting primitive: bridge_99
23:08:55 | INFO: Primitives created: 1
23:08:55 | INFO: Extracting primitive: bridge_100
23:08:55 | INFO: Primitives created: 1
23:08:55 | INFO: Extracting primitive: bridge_101
23:08:55 | INFO: Primitives created: 1
23:08:55 | INFO: Extracting primitive: bridge_102
23:08:55 | INFO: Primitives created: 1
23:08:55 | INFO: Extracting primitive: bridge_103
23:08:55 | INFO: Primitives created: 1
23:08:55 | INFO: Extracting primitive: bridge_104
23:08:55 | INFO: Primitives created: 1
23:08:55 | INFO: Extracting primitive: bridge_105
23:08:55 | INFO: Primitives created: 1
23:08:55 | INFO: Extracting primitive: bridge_106
23:08:55 | INFO: Primitives created: 1
23:08:55 | INFO: Extracting primitive: bridge_107
23:08:55 | INFO: Primitives created: 1
23:08:55 | INFO: Extracting primitive: bridge_108
23:08:55 | INFO: Primitives created: 1
23:08:55 | INFO: Extracting primitive: warehouse_0
23:08:55 | INFO: Primitives created: 1
23:08:55 | INFO: Extracting primitive: warehouse_1
23:08:55 | INFO: Primitives created: 1
23:08:55 | INFO: Extracting primitive: warehouse_2
23:08:55 | INFO: Primitives created: 1
23:08:55 | INFO: Extracting primitive: warehouse_3
23:08:55 | INFO: Primitives created: 1
23:08:55 | INFO: Extracting primitive: warehouse_4
23:08:55 | INFO: Primitives created: 1
23:08:55 | INFO: Extracting primitive: warehouse_5
23:08:55 | INFO: Primitives created: 1
23:08:55 | INFO: Extracting primitive: warehouse_6
23:08:55 | INFO: Primitives created: 1
23:08:55 | INFO: Extracting primitive: warehouse_7
23:08:55 | INFO: Primitives created: 1
23:08:55 | INFO: Extracting primitive: warehouse_8
23:08:55 | INFO: Primitives created: 1
23:08:55 | INFO: Extracting primitive: warehouse_9
23:08:55 | INFO: Primitives created: 1
23:08:55 | INFO: Extracting primitive: warehouse_10
23:08:55 | INFO: Primitives created: 1
23:08:55 | INFO: Extracting primitive: warehouse_11
23:08:55 | INFO: Primitives created: 1
23:08:55 | INFO: Extracting primitive: warehouse_12
23:08:55 | INFO: Primitives created: 1
23:08:55 | INFO: Extracting primitive: warehouse_13
23:08:55 | INFO: Primitives created: 1
23:08:55 | INFO: Extracting primitive: warehouse_14
23:08:55 | INFO: Primitives created: 1
23:08:55 | INFO: Extracting primitive: warehouse_15
23:08:55 | INFO: Primitives created: 1
23:08:55 | INFO: Extracting primitive: warehouse_16
23:08:55 | INFO: Primitives created: 1
23:08:55 | INFO: Extracting primitive: warehouse_17
23:08:55 | INFO: Primitives created: 1
23:08:55 | INFO: Extracting primitive: warehouse_18
23:08:55 | INFO: Primitives created: 1
23:08:55 | INFO: Extracting primitive: warehouse_19
23:08:55 | INFO: Primitives created: 1
23:08:55 | INFO: Extracting primitive: warehouse_20
23:08:55 | INFO: Primitives created: 1
23:08:55 | INFO: Extracting primitive: warehouse_21
23:08:55 | INFO: Primitives created: 1
23:08:55 | INFO: Extracting primitive: warehouse_22
23:08:55 | INFO: Primitives created: 1
23:08:55 | INFO: Extracting primitive: warehouse_23
23:08:55 | INFO: Primitives created: 1
23:08:55 | INFO: Extracting primitive: warehouse_24
23:08:55 | INFO: Primitives created: 1
23:08:55 | INFO: Extracting primitive: warehouse_25
23:08:55 | INFO: Primitives created: 1
23:08:55 | INFO: Extracting primitive: warehouse_26
23:08:55 | INFO: Primitives created: 1
23:08:55 | INFO: Extracting primitive: warehouse_27
23:08:55 | INFO: Primitives created: 1
23:08:55 | INFO: Extracting primitive: crane_0
23:08:55 | INFO: Primitives created: 1
23:08:55 | INFO: Extracting primitive: crane_1
23:08:55 | INFO: Primitives created: 1
23:08:55 | INFO: Extracting primitive: crane_2
23:08:55 | INFO: Primitives created: 1
23:08:55 | INFO: Extracting primitive: crane_3
23:08:55 | INFO: Primitives created: 1
23:08:55 | INFO: Extracting primitive: crane_4
23:08:55 | INFO: Primitives created: 1
23:08:55 | INFO: Extracting primitive: crane_5
23:08:55 | INFO: Primitives created: 1
23:08:55 | INFO: Extracting primitive: crane_6
23:08:55 | INFO: Primitives created: 1
23:08:55 | INFO: Extracting primitive: crane_7
23:08:55 | INFO: Primitives created: 1
23:08:55 | INFO: Extracting primitive: crane_8
23:08:55 | INFO: Primitives created: 1
23:08:55 | INFO: Extracting primitive: crane_9
23:08:55 | INFO: Primitives created: 1
23:08:55 | INFO: Extracting primitive: crane_10
23:08:55 | INFO: Primitives created: 1
23:08:55 | INFO: Extracting primitive: crane_11
23:08:55 | INFO: Primitives created: 1
23:08:55 | INFO: Extracting primitive: crane_12
23:08:55 | INFO: Primitives created: 1
23:08:55 | INFO: Extracting primitive: crane_13
23:08:55 | INFO: Primitives created: 1
23:08:55 | INFO: Extracting primitive: crane_14
23:08:55 | INFO: Primitives created: 1
23:08:55 | INFO: Extracting primitive: crane_15
23:08:55 | INFO: Primitives created: 1
23:08:55 | INFO: Extracting primitive: crane_16
23:08:55 | INFO: Primitives created: 1
23:08:55 | INFO: Extracting primitive: crane_17
23:08:55 | INFO: Primitives created: 1
23:08:55 | INFO: Extracting primitive: crane_18
23:08:55 | INFO: Primitives created: 1
23:08:55 | INFO: Extracting primitive: crane_19
23:08:55 | INFO: Primitives created: 1
23:08:55 | INFO: Extracting primitive: crane_20
23:08:55 | INFO: Primitives created: 1
23:08:55 | INFO: Extracting primitive: crane_21
23:08:55 | INFO: Primitives created: 1
23:08:55 | INFO: Extracting primitive: crane_22
23:08:55 | INFO: Primitives created: 1
23:08:55 | INFO: Extracting primitive: crane_23
23:08:55 | INFO: Primitives created: 1
23:08:55 | INFO: Extracting primitive: crane_24
23:08:55 | INFO: Primitives created: 1
23:08:55 | INFO: Extracting primitive: crane_25
23:08:55 | INFO: Primitives created: 1
23:08:55 | INFO: Extracting primitive: crane_26
23:08:55 | INFO: Primitives created: 1
23:08:55 | INFO: Extracting primitive: boat_0
23:08:55 | INFO: Primitives created: 1
23:08:55 | INFO: Extracting primitive: boat_1
23:08:55 | INFO: Primitives created: 1
23:08:55 | INFO: Extracting primitive: boat_2
23:08:55 | INFO: Primitives created: 1
23:08:55 | INFO: Extracting primitive: boat_3
23:08:55 | INFO: Primitives created: 1
23:08:55 | INFO: Extracting primitive: boat_4
23:08:55 | INFO: Primitives created: 1
23:08:55 | INFO: Extracting primitive: boat_5
23:08:55 | INFO: Primitives created: 1
23:08:55 | INFO: Extracting primitive: boat_6
23:08:55 | INFO: Primitives created: 1
23:08:55 | INFO: Extracting primitive: boat_7
23:08:55 | INFO: Primitives created: 1
23:08:55 | INFO: Extracting primitive: chimney_0
23:08:55 | INFO: Primitives created: 1
23:08:55 | INFO: Extracting primitive: chimney_1
23:08:55 | INFO: Primitives created: 1
23:08:55 | INFO: Extracting primitive: wreck_0
23:08:55 | INFO: Primitives created: 1
23:08:55 | INFO: Extracting primitive: wreck_1
23:08:55 | INFO: Primitives created: 1
23:08:55 | INFO: Extracting primitive: wreck_2
23:08:55 | INFO: Primitives created: 1
23:08:55 | INFO: Extracting primitive: wreck_3
23:08:55 | INFO: Primitives created: 1
23:08:55 | INFO: Extracting primitive: wreck_4
23:08:55 | INFO: Primitives created: 1
23:08:55 | INFO: Extracting primitive: wreck_5
23:08:55 | INFO: Primitives created: 1
23:08:55 | INFO: Extracting primitive: wreck_6
23:08:55 | INFO: Primitives created: 1
23:08:55 | INFO: Extracting primitive: wreck_7
23:08:55 | INFO: Primitives created: 1
23:08:55 | INFO: Extracting primitive: wreck_8
23:08:55 | INFO: Primitives created: 1
23:08:55 | INFO: Extracting primitive: wreck_9
23:08:55 | INFO: Primitives created: 1
23:08:55 | INFO: Extracting primitive: wreck_10
23:08:55 | INFO: Primitives created: 1
23:08:55 | INFO: Extracting primitive: wreck_11
23:08:55 | INFO: Primitives created: 1
23:08:55 | INFO: Extracting primitive: wreck_12
23:08:55 | INFO: Primitives created: 1
23:08:55 | INFO: Extracting primitive: wreck_13
23:08:55 | INFO: Primitives created: 1
23:08:55 | INFO: Extracting primitive: wreck_14
23:08:55 | INFO: Primitives created: 1
23:08:55 | INFO: Extracting primitive: wreck_15
23:08:55 | INFO: Primitives created: 1
23:08:55 | INFO: Extracting primitive: wreck_16
23:08:55 | INFO: Primitives created: 1
23:08:55 | INFO: Extracting primitive: wreck_17
23:08:55 | INFO: Primitives created: 1
23:08:55 | INFO: Extracting primitive: wreck_18
23:08:55 | INFO: Primitives created: 1
23:08:55 | INFO: Extracting primitive: wreck_19
23:08:55 | INFO: Primitives created: 1
23:08:55 | INFO: Extracting primitive: wreck_20
23:08:55 | INFO: Primitives created: 1
23:08:55 | INFO: Extracting primitive: wreck_21
23:08:55 | INFO: Primitives created: 1
23:08:55 | INFO: Extracting primitive: wreck_22
23:08:55 | INFO: Primitives created: 1
23:08:55 | INFO: Extracting primitive: wreck_23
23:08:55 | INFO: Primitives created: 1
23:08:55 | INFO: Extracting primitive: wreck_24
23:08:55 | INFO: Primitives created: 1
23:08:55 | INFO: Extracting primitive: wreck_25
23:08:55 | INFO: Primitives created: 1
23:08:55 | INFO: Extracting primitive: wreck_26
23:08:55 | INFO: Primitives created: 1
23:08:55 | INFO: Extracting primitive: wreck_27
23:08:55 | INFO: Primitives created: 1
23:08:55 | INFO: Extracting primitive: wreck_28
23:08:55 | INFO: Primitives created: 1
23:08:55 | INFO: Extracting primitive: wreck_29
23:08:55 | INFO: Primitives created: 1
23:08:55 | INFO: Extracting primitive: pole_0
23:08:55 | INFO: Primitives created: 1
23:08:55 | INFO: Extracting primitive: pole_1
23:08:55 | INFO: Primitives created: 1
23:08:55 | INFO: Extracting primitive: pole_2
23:08:55 | INFO: Primitives created: 1
23:08:55 | INFO: Extracting primitive: pole_3
23:08:55 | INFO: Primitives created: 1
23:08:55 | INFO: Extracting primitive: pole_4
23:08:55 | INFO: Primitives created: 1
23:08:55 | INFO: Extracting primitive: tree_0
23:08:55 | INFO: Primitives created: 1
23:08:55 | INFO: Extracting primitive: tree_1
23:08:55 | INFO: Primitives created: 1
23:08:55 | INFO: Extracting primitive: tree_2
23:08:55 | INFO: Primitives created: 1
23:08:55 | INFO: Extracting primitive: tree_3
23:08:55 | INFO: Primitives created: 1
23:08:55 | INFO: Extracting primitive: tree_4
23:08:55 | INFO: Primitives created: 1
23:08:55 | INFO: Extracting primitive: tree_5
23:08:55 | INFO: Primitives created: 1
23:08:55 | INFO: Extracting primitive: tree_6
23:08:55 | INFO: Primitives created: 1
23:08:55 | INFO: Extracting primitive: tree_7
23:08:55 | INFO: Primitives created: 1
23:08:55 | INFO: Extracting primitive: tree_8
23:08:55 | INFO: Primitives created: 1
23:08:55 | INFO: Extracting primitive: tree_9
23:08:55 | INFO: Primitives created: 1
23:08:55 | INFO: Extracting primitive: tree_10
23:08:55 | INFO: Primitives created: 1
23:08:55 | INFO: Extracting primitive: tree_11
23:08:55 | INFO: Primitives created: 1
23:08:55 | INFO: Extracting primitive: tree_12
23:08:55 | INFO: Primitives created: 1
23:08:55 | INFO: Extracting primitive: bicycle_0
23:08:55 | INFO: Primitives created: 1
23:08:55 | INFO: Extracting primitive: bicycle_1
23:08:55 | INFO: Primitives created: 1
23:08:55 | INFO: Extracting primitive: bicycle_2
23:08:55 | INFO: Primitives created: 1
23:08:55 | INFO: Extracting primitive: bicycle_3
23:08:55 | INFO: Primitives created: 1
23:08:55 | INFO: Extracting primitive: bicycle_4
23:08:55 | INFO: Primitives created: 1
23:08:55 | INFO: Extracting primitive: bicycle_5
23:08:55 | INFO: Primitives created: 1
23:08:55 | INFO: Extracting primitive: bicycle_6
23:08:55 | INFO: Primitives created: 1
23:08:55 | INFO: Extracting primitive: bicycle_7
23:08:55 | INFO: Primitives created: 1
23:08:55 | INFO: Extracting primitive: bicycle_8
23:08:55 | INFO: Primitives created: 1
23:08:55 | INFO: Extracting primitive: bicycle_9
23:08:55 | INFO: Primitives created: 1
23:08:55 | INFO: Extracting primitive: bicycle_10
23:08:55 | INFO: Primitives created: 1
23:08:55 | INFO: Extracting primitive: bicycle_11
23:08:55 | INFO: Primitives created: 1
23:08:55 | INFO: Extracting primitive: bicycle_12
23:08:55 | INFO: Primitives created: 1
23:08:56 | INFO: Finished glTF 2.0 export in 2.9924252033233643 s

BLENDER_SAVED 5.1.1 {"objects": 210, "blender_min": [-28.199787139892578, -23.85059928894043, -2.880000114440918], "blender_max": [28.199474334716797, 23.85059928894043, 11.550000190734863], "dimensions": [56.399261474609375, 47.70119857788086, 14.430000305175781], "polygons": 5807}
Blender 5.1.1 (hash b70da489d7f4 built 2026-04-14 01:37:22)

Blender quit
